#! /usr/bin/vvp
:ivl_version "12.0 (stable)";
:ivl_delay_selection "TYPICAL";
:vpi_time_precision - 12;
:vpi_module "/usr/lib/x86_64-linux-gnu/ivl/system.vpi";
:vpi_module "/usr/lib/x86_64-linux-gnu/ivl/vhdl_sys.vpi";
:vpi_module "/usr/lib/x86_64-linux-gnu/ivl/vhdl_textio.vpi";
:vpi_module "/usr/lib/x86_64-linux-gnu/ivl/v2005_math.vpi";
:vpi_module "/usr/lib/x86_64-linux-gnu/ivl/va_math.vpi";
:vpi_module "/usr/lib/x86_64-linux-gnu/ivl/v2009.vpi";
S_0x5e5cde9be9b0 .scope package, "$unit" "$unit" 2 1;
 .timescale 0 0;
S_0x5e5cde9d02c0 .scope module, "tb_ukf" "tb_ukf" 3 3;
 .timescale -9 -12;
P_0x5e5cde908a30 .param/l "FXP_ONE" 1 3 4, +C4<00000000000000010000000000000000>;
v0x5e5cdea3ee60_0 .net "busy", 0 0, v0x5e5cdea39820_0;  1 drivers
v0x5e5cdea3ef50_0 .var "clk", 0 0;
v0x5e5cdea3eff0_0 .net "done", 0 0, v0x5e5cdea39e80_0;  1 drivers
v0x5e5cdea3f0f0_0 .net/s "est_x", 31 0, v0x5e5cdea39f20_0;  1 drivers
v0x5e5cdea3f1c0_0 .var/real "est_x_real", 0 0;
v0x5e5cdea3f2b0_0 .net/s "est_y", 31 0, v0x5e5cdea39fc0_0;  1 drivers
v0x5e5cdea3f350_0 .var/real "est_y_real", 0 0;
v0x5e5cdea3f3f0_0 .net/s "est_z", 31 0, v0x5e5cdea3a080_0;  1 drivers
v0x5e5cdea3f4c0_0 .var/real "est_z_real", 0 0;
v0x5e5cdea3f560_0 .var/s "meas_x", 31 0;
v0x5e5cdea3f650_0 .var/s "meas_y", 31 0;
v0x5e5cdea3f720_0 .var/s "meas_z", 31 0;
v0x5e5cdea3f7f0_0 .net "phase_predict_dbg", 0 0, v0x5e5cdea3b9c0_0;  1 drivers
v0x5e5cdea3f8c0_0 .net "phase_update_dbg", 0 0, v0x5e5cdea3ba80_0;  1 drivers
v0x5e5cdea3f990_0 .var "rst_n", 0 0;
v0x5e5cdea3fa30_0 .net "sigma_index_dbg", 7 0, v0x5e5cdea3c850_0;  1 drivers
v0x5e5cdea3fb00_0 .var "start", 0 0;
v0x5e5cdea3fbd0_0 .net "state_dbg", 4 0, v0x5e5cdea3dad0_0;  1 drivers
E_0x5e5cde9a0650 .event anyedge, v0x5e5cdea39f20_0, v0x5e5cdea39fc0_0, v0x5e5cdea3a080_0;
E_0x5e5cde99f720 .event anyedge, v0x5e5cdea39e80_0;
S_0x5e5cde9cd020 .scope module, "dut" "ukf" 3 26, 4 461 0, S_0x5e5cde9d02c0;
 .timescale -9 -12;
    .port_info 0 /INPUT 1 "clk";
    .port_info 1 /INPUT 1 "rst_n";
    .port_info 2 /INPUT 1 "start";
    .port_info 3 /INPUT 32 "meas_x";
    .port_info 4 /INPUT 32 "meas_y";
    .port_info 5 /INPUT 32 "meas_z";
    .port_info 6 /OUTPUT 1 "done";
    .port_info 7 /OUTPUT 1 "busy";
    .port_info 8 /OUTPUT 5 "state_dbg";
    .port_info 9 /OUTPUT 8 "sigma_index_dbg";
    .port_info 10 /OUTPUT 1 "phase_predict_dbg";
    .port_info 11 /OUTPUT 1 "phase_update_dbg";
    .port_info 12 /OUTPUT 32 "est_x";
    .port_info 13 /OUTPUT 32 "est_y";
    .port_info 14 /OUTPUT 32 "est_z";
P_0x5e5cdea135d0 .param/l "DATA_W" 0 4 465, +C4<00000000000000000000000000100000>;
P_0x5e5cdea13610 .param/l "FRAC_W" 0 4 466, +C4<00000000000000000000000000010000>;
P_0x5e5cdea13650 .param/l "N_MEAS" 0 4 463, +C4<00000000000000000000000000000011>;
P_0x5e5cdea13690 .param/l "N_SIGMA" 0 4 464, +C4<00000000000000000000000000000000000000000000000000000000000001101>;
P_0x5e5cdea136d0 .param/l "N_STATE" 0 4 462, +C4<00000000000000000000000000000110>;
P_0x5e5cdea13710 .param/l "S_DONE" 1 4 496, C4<01100>;
P_0x5e5cdea13750 .param/l "S_IDLE" 1 4 484, C4<00000>;
P_0x5e5cdea13790 .param/l "S_META" 1 4 485, C4<00001>;
P_0x5e5cdea137d0 .param/l "S_PREDICT_LATCH" 1 4 487, C4<00011>;
P_0x5e5cdea13810 .param/l "S_PREDICT_QR" 1 4 489, C4<00101>;
P_0x5e5cdea13850 .param/l "S_PREDICT_SPREAD" 1 4 488, C4<00100>;
P_0x5e5cdea13890 .param/l "S_PREDICT_STREAM" 1 4 486, C4<00010>;
P_0x5e5cdea138d0 .param/l "S_UPDATE_CHOL" 1 4 494, C4<01010>;
P_0x5e5cdea13910 .param/l "S_UPDATE_LATCH" 1 4 491, C4<00111>;
P_0x5e5cdea13950 .param/l "S_UPDATE_QR" 1 4 493, C4<01001>;
P_0x5e5cdea13990 .param/l "S_UPDATE_SOLVE" 1 4 495, C4<01011>;
P_0x5e5cdea139d0 .param/l "S_UPDATE_SPREAD" 1 4 492, C4<01000>;
P_0x5e5cdea13a10 .param/l "S_UPDATE_STREAM" 1 4 490, C4<00110>;
v0x5e5cdea3e840_0 .array/port v0x5e5cdea3e840, 0;
L_0x5e5cde9ca7c0 .functor BUFZ 32, v0x5e5cdea3e840_0, C4<00000000000000000000000000000000>, C4<00000000000000000000000000000000>, C4<00000000000000000000000000000000>;
v0x5e5cdea3e840_1 .array/port v0x5e5cdea3e840, 1;
L_0x5e5cde9c7530 .functor BUFZ 32, v0x5e5cdea3e840_1, C4<00000000000000000000000000000000>, C4<00000000000000000000000000000000>, C4<00000000000000000000000000000000>;
v0x5e5cdea3e840_2 .array/port v0x5e5cdea3e840, 2;
L_0x5e5cde8fca50 .functor BUFZ 32, v0x5e5cdea3e840_2, C4<00000000000000000000000000000000>, C4<00000000000000000000000000000000>, C4<00000000000000000000000000000000>;
v0x5e5cdea3e840_3 .array/port v0x5e5cdea3e840, 3;
L_0x5e5cdea3fee0 .functor BUFZ 32, v0x5e5cdea3e840_3, C4<00000000000000000000000000000000>, C4<00000000000000000000000000000000>, C4<00000000000000000000000000000000>;
v0x5e5cdea3e840_4 .array/port v0x5e5cdea3e840, 4;
L_0x5e5cdea3ffe0 .functor BUFZ 32, v0x5e5cdea3e840_4, C4<00000000000000000000000000000000>, C4<00000000000000000000000000000000>, C4<00000000000000000000000000000000>;
v0x5e5cdea3e840_5 .array/port v0x5e5cdea3e840, 5;
L_0x5e5cdea400b0 .functor BUFZ 32, v0x5e5cdea3e840_5, C4<00000000000000000000000000000000>, C4<00000000000000000000000000000000>, C4<00000000000000000000000000000000>;
v0x5e5cdea3ca00_0 .array/port v0x5e5cdea3ca00, 0;
L_0x5e5cdea401c0 .functor BUFZ 32, v0x5e5cdea3ca00_0, C4<00000000000000000000000000000000>, C4<00000000000000000000000000000000>, C4<00000000000000000000000000000000>;
v0x5e5cdea3ca00_1 .array/port v0x5e5cdea3ca00, 1;
L_0x5e5cdea40260 .functor BUFZ 32, v0x5e5cdea3ca00_1, C4<00000000000000000000000000000000>, C4<00000000000000000000000000000000>, C4<00000000000000000000000000000000>;
v0x5e5cdea3ca00_2 .array/port v0x5e5cdea3ca00, 2;
L_0x5e5cdea40380 .functor BUFZ 32, v0x5e5cdea3ca00_2, C4<00000000000000000000000000000000>, C4<00000000000000000000000000000000>, C4<00000000000000000000000000000000>;
v0x5e5cdea3ca00_3 .array/port v0x5e5cdea3ca00, 3;
L_0x5e5cdea40450 .functor BUFZ 32, v0x5e5cdea3ca00_3, C4<00000000000000000000000000000000>, C4<00000000000000000000000000000000>, C4<00000000000000000000000000000000>;
v0x5e5cdea3ca00_4 .array/port v0x5e5cdea3ca00, 4;
L_0x5e5cdea40580 .functor BUFZ 32, v0x5e5cdea3ca00_4, C4<00000000000000000000000000000000>, C4<00000000000000000000000000000000>, C4<00000000000000000000000000000000>;
v0x5e5cdea3ca00_5 .array/port v0x5e5cdea3ca00, 5;
L_0x5e5cdea40650 .functor BUFZ 32, v0x5e5cdea3ca00_5, C4<00000000000000000000000000000000>, C4<00000000000000000000000000000000>, C4<00000000000000000000000000000000>;
v0x5e5cdea34bf0_0 .array/port v0x5e5cdea34bf0, 0;
L_0x5e5cdea414d0 .functor BUFZ 32, v0x5e5cdea34bf0_0, C4<00000000000000000000000000000000>, C4<00000000000000000000000000000000>, C4<00000000000000000000000000000000>;
v0x5e5cdea34bf0_1 .array/port v0x5e5cdea34bf0, 1;
L_0x5e5cdea41570 .functor BUFZ 32, v0x5e5cdea34bf0_1, C4<00000000000000000000000000000000>, C4<00000000000000000000000000000000>, C4<00000000000000000000000000000000>;
v0x5e5cdea34bf0_2 .array/port v0x5e5cdea34bf0, 2;
L_0x5e5cdea416c0 .functor BUFZ 32, v0x5e5cdea34bf0_2, C4<00000000000000000000000000000000>, C4<00000000000000000000000000000000>, C4<00000000000000000000000000000000>;
v0x5e5cdea34bf0_3 .array/port v0x5e5cdea34bf0, 3;
L_0x5e5cdea41780 .functor BUFZ 32, v0x5e5cdea34bf0_3, C4<00000000000000000000000000000000>, C4<00000000000000000000000000000000>, C4<00000000000000000000000000000000>;
v0x5e5cdea34bf0_4 .array/port v0x5e5cdea34bf0, 4;
L_0x5e5cdea41930 .functor BUFZ 32, v0x5e5cdea34bf0_4, C4<00000000000000000000000000000000>, C4<00000000000000000000000000000000>, C4<00000000000000000000000000000000>;
v0x5e5cdea34bf0_5 .array/port v0x5e5cdea34bf0, 5;
L_0x5e5cdea419f0 .functor BUFZ 32, v0x5e5cdea34bf0_5, C4<00000000000000000000000000000000>, C4<00000000000000000000000000000000>, C4<00000000000000000000000000000000>;
v0x5e5cdea34db0_0 .array/port v0x5e5cdea34db0, 0;
L_0x5e5cdea41bb0 .functor BUFZ 32, v0x5e5cdea34db0_0, C4<00000000000000000000000000000000>, C4<00000000000000000000000000000000>, C4<00000000000000000000000000000000>;
v0x5e5cdea34db0_1 .array/port v0x5e5cdea34db0, 1;
L_0x5e5cdea41c70 .functor BUFZ 32, v0x5e5cdea34db0_1, C4<00000000000000000000000000000000>, C4<00000000000000000000000000000000>, C4<00000000000000000000000000000000>;
v0x5e5cdea34db0_2 .array/port v0x5e5cdea34db0, 2;
L_0x5e5cdea41e40 .functor BUFZ 32, v0x5e5cdea34db0_2, C4<00000000000000000000000000000000>, C4<00000000000000000000000000000000>, C4<00000000000000000000000000000000>;
v0x5e5cdea34db0_3 .array/port v0x5e5cdea34db0, 3;
L_0x5e5cdea41f00 .functor BUFZ 32, v0x5e5cdea34db0_3, C4<00000000000000000000000000000000>, C4<00000000000000000000000000000000>, C4<00000000000000000000000000000000>;
v0x5e5cdea34db0_4 .array/port v0x5e5cdea34db0, 4;
L_0x5e5cdea420e0 .functor BUFZ 32, v0x5e5cdea34db0_4, C4<00000000000000000000000000000000>, C4<00000000000000000000000000000000>, C4<00000000000000000000000000000000>;
v0x5e5cdea34db0_5 .array/port v0x5e5cdea34db0, 5;
L_0x5e5cdea421a0 .functor BUFZ 32, v0x5e5cdea34db0_5, C4<00000000000000000000000000000000>, C4<00000000000000000000000000000000>, C4<00000000000000000000000000000000>;
v0x5e5cdea22d90_0 .array/port v0x5e5cdea22d90, 0;
L_0x5e5cdea439e0 .functor BUFZ 32, v0x5e5cdea22d90_0, C4<00000000000000000000000000000000>, C4<00000000000000000000000000000000>, C4<00000000000000000000000000000000>;
v0x5e5cdea22d90_1 .array/port v0x5e5cdea22d90, 1;
L_0x5e5cdea43ad0 .functor BUFZ 32, v0x5e5cdea22d90_1, C4<00000000000000000000000000000000>, C4<00000000000000000000000000000000>, C4<00000000000000000000000000000000>;
v0x5e5cdea22d90_2 .array/port v0x5e5cdea22d90, 2;
L_0x5e5cdea43d30 .functor BUFZ 32, v0x5e5cdea22d90_2, C4<00000000000000000000000000000000>, C4<00000000000000000000000000000000>, C4<00000000000000000000000000000000>;
v0x5e5cdea22d90_3 .array/port v0x5e5cdea22d90, 3;
L_0x5e5cdea43df0 .functor BUFZ 32, v0x5e5cdea22d90_3, C4<00000000000000000000000000000000>, C4<00000000000000000000000000000000>, C4<00000000000000000000000000000000>;
v0x5e5cdea22d90_4 .array/port v0x5e5cdea22d90, 4;
L_0x5e5cdea44060 .functor BUFZ 32, v0x5e5cdea22d90_4, C4<00000000000000000000000000000000>, C4<00000000000000000000000000000000>, C4<00000000000000000000000000000000>;
v0x5e5cdea22d90_5 .array/port v0x5e5cdea22d90, 5;
L_0x5e5cdea44120 .functor BUFZ 32, v0x5e5cdea22d90_5, C4<00000000000000000000000000000000>, C4<00000000000000000000000000000000>, C4<00000000000000000000000000000000>;
v0x5e5cdea22f50_0 .array/port v0x5e5cdea22f50, 0;
L_0x5e5cdea443a0 .functor BUFZ 32, v0x5e5cdea22f50_0, C4<00000000000000000000000000000000>, C4<00000000000000000000000000000000>, C4<00000000000000000000000000000000>;
v0x5e5cdea22f50_1 .array/port v0x5e5cdea22f50, 1;
L_0x5e5cdea44460 .functor BUFZ 32, v0x5e5cdea22f50_1, C4<00000000000000000000000000000000>, C4<00000000000000000000000000000000>, C4<00000000000000000000000000000000>;
v0x5e5cdea22f50_2 .array/port v0x5e5cdea22f50, 2;
L_0x5e5cdea446f0 .functor BUFZ 32, v0x5e5cdea22f50_2, C4<00000000000000000000000000000000>, C4<00000000000000000000000000000000>, C4<00000000000000000000000000000000>;
v0x5e5cdea22f50_3 .array/port v0x5e5cdea22f50, 3;
L_0x5e5cdea447b0 .functor BUFZ 32, v0x5e5cdea22f50_3, C4<00000000000000000000000000000000>, C4<00000000000000000000000000000000>, C4<00000000000000000000000000000000>;
v0x5e5cdea22f50_4 .array/port v0x5e5cdea22f50, 4;
L_0x5e5cdea44a50 .functor BUFZ 32, v0x5e5cdea22f50_4, C4<00000000000000000000000000000000>, C4<00000000000000000000000000000000>, C4<00000000000000000000000000000000>;
v0x5e5cdea22f50_5 .array/port v0x5e5cdea22f50, 5;
L_0x5e5cdea44b10 .functor BUFZ 32, v0x5e5cdea22f50_5, C4<00000000000000000000000000000000>, C4<00000000000000000000000000000000>, C4<00000000000000000000000000000000>;
L_0x5e5cdea44dc0 .functor BUFZ 32, L_0x5e5cdea40d10, C4<00000000000000000000000000000000>, C4<00000000000000000000000000000000>, C4<00000000000000000000000000000000>;
L_0x5e5cdea44e80 .functor BUFZ 32, L_0x5e5cdea434e0, C4<00000000000000000000000000000000>, C4<00000000000000000000000000000000>, C4<00000000000000000000000000000000>;
L_0x5e5cdea45140 .functor BUFZ 32, L_0x5e5cdea435e0, C4<00000000000000000000000000000000>, C4<00000000000000000000000000000000>, C4<00000000000000000000000000000000>;
L_0x5e5cdea45200 .functor BUFZ 32, L_0x5e5cdea436e0, C4<00000000000000000000000000000000>, C4<00000000000000000000000000000000>, C4<00000000000000000000000000000000>;
L_0x5e5cdea454d0 .functor BUFZ 32, L_0x5e5cdea437e0, C4<00000000000000000000000000000000>, C4<00000000000000000000000000000000>, C4<00000000000000000000000000000000>;
L_0x5e5cdea45590 .functor BUFZ 32, L_0x5e5cdea438e0, C4<00000000000000000000000000000000>, C4<00000000000000000000000000000000>, C4<00000000000000000000000000000000>;
L_0x5e5cdea45e40 .functor BUFZ 32, v0x5e5cdea22d90_0, C4<00000000000000000000000000000000>, C4<00000000000000000000000000000000>, C4<00000000000000000000000000000000>;
L_0x5e5cdea45ee0 .functor BUFZ 32, v0x5e5cdea22d90_1, C4<00000000000000000000000000000000>, C4<00000000000000000000000000000000>, C4<00000000000000000000000000000000>;
L_0x5e5cdea461b0 .functor BUFZ 32, v0x5e5cdea22d90_2, C4<00000000000000000000000000000000>, C4<00000000000000000000000000000000>, C4<00000000000000000000000000000000>;
L_0x5e5cdea46250 .functor BUFZ 32, v0x5e5cdea22d90_3, C4<00000000000000000000000000000000>, C4<00000000000000000000000000000000>, C4<00000000000000000000000000000000>;
L_0x5e5cdea46530 .functor BUFZ 32, v0x5e5cdea22d90_4, C4<00000000000000000000000000000000>, C4<00000000000000000000000000000000>, C4<00000000000000000000000000000000>;
L_0x5e5cdea465d0 .functor BUFZ 32, v0x5e5cdea22d90_5, C4<00000000000000000000000000000000>, C4<00000000000000000000000000000000>, C4<00000000000000000000000000000000>;
L_0x5e5cdea468c0 .functor BUFZ 32, v0x5e5cdea22f50_0, C4<00000000000000000000000000000000>, C4<00000000000000000000000000000000>, C4<00000000000000000000000000000000>;
L_0x5e5cdea46960 .functor BUFZ 32, v0x5e5cdea22f50_1, C4<00000000000000000000000000000000>, C4<00000000000000000000000000000000>, C4<00000000000000000000000000000000>;
L_0x5e5cdea46c60 .functor BUFZ 32, v0x5e5cdea22f50_2, C4<00000000000000000000000000000000>, C4<00000000000000000000000000000000>, C4<00000000000000000000000000000000>;
L_0x5e5cdea46d00 .functor BUFZ 32, v0x5e5cdea22f50_3, C4<00000000000000000000000000000000>, C4<00000000000000000000000000000000>, C4<00000000000000000000000000000000>;
L_0x5e5cdea47010 .functor BUFZ 32, v0x5e5cdea22f50_4, C4<00000000000000000000000000000000>, C4<00000000000000000000000000000000>, C4<00000000000000000000000000000000>;
L_0x5e5cdea470b0 .functor BUFZ 32, v0x5e5cdea22f50_5, C4<00000000000000000000000000000000>, C4<00000000000000000000000000000000>, C4<00000000000000000000000000000000>;
L_0x5e5cdea473d0 .functor BUFZ 32, L_0x5e5cdea45870, C4<00000000000000000000000000000000>, C4<00000000000000000000000000000000>, C4<00000000000000000000000000000000>;
L_0x5e5cdea474c0 .functor BUFZ 32, L_0x5e5cdea45940, C4<00000000000000000000000000000000>, C4<00000000000000000000000000000000>, C4<00000000000000000000000000000000>;
L_0x5e5cdea47810 .functor BUFZ 32, L_0x5e5cdea45a40, C4<00000000000000000000000000000000>, C4<00000000000000000000000000000000>, C4<00000000000000000000000000000000>;
L_0x5e5cdea478d0 .functor BUFZ 32, L_0x5e5cdea45b40, C4<00000000000000000000000000000000>, C4<00000000000000000000000000000000>, C4<00000000000000000000000000000000>;
L_0x5e5cdea47c30 .functor BUFZ 32, L_0x5e5cdea45c40, C4<00000000000000000000000000000000>, C4<00000000000000000000000000000000>, C4<00000000000000000000000000000000>;
L_0x5e5cdea47cf0 .functor BUFZ 32, L_0x5e5cdea45d40, C4<00000000000000000000000000000000>, C4<00000000000000000000000000000000>, C4<00000000000000000000000000000000>;
L_0x5e5cdea5a9c0 .functor BUFZ 32, v0x5e5cdea22d90_0, C4<00000000000000000000000000000000>, C4<00000000000000000000000000000000>, C4<00000000000000000000000000000000>;
L_0x5e5cdea5aa30 .functor BUFZ 32, v0x5e5cdea22d90_1, C4<00000000000000000000000000000000>, C4<00000000000000000000000000000000>, C4<00000000000000000000000000000000>;
L_0x5e5cdea5adf0 .functor BUFZ 32, v0x5e5cdea22d90_2, C4<00000000000000000000000000000000>, C4<00000000000000000000000000000000>, C4<00000000000000000000000000000000>;
L_0x5e5cdea5aef0 .functor BUFZ 32, v0x5e5cdea22d90_3, C4<00000000000000000000000000000000>, C4<00000000000000000000000000000000>, C4<00000000000000000000000000000000>;
L_0x5e5cdea5b2c0 .functor BUFZ 32, v0x5e5cdea22d90_4, C4<00000000000000000000000000000000>, C4<00000000000000000000000000000000>, C4<00000000000000000000000000000000>;
L_0x5e5cdea5b3f0 .functor BUFZ 32, v0x5e5cdea22d90_5, C4<00000000000000000000000000000000>, C4<00000000000000000000000000000000>, C4<00000000000000000000000000000000>;
L_0x5e5cdea5b800 .functor BUFZ 32, v0x5e5cdea22f50_0, C4<00000000000000000000000000000000>, C4<00000000000000000000000000000000>, C4<00000000000000000000000000000000>;
L_0x5e5cdea5b930 .functor BUFZ 32, v0x5e5cdea22f50_1, C4<00000000000000000000000000000000>, C4<00000000000000000000000000000000>, C4<00000000000000000000000000000000>;
L_0x5e5cdea5bd50 .functor BUFZ 32, v0x5e5cdea22f50_2, C4<00000000000000000000000000000000>, C4<00000000000000000000000000000000>, C4<00000000000000000000000000000000>;
L_0x5e5cdea5be80 .functor BUFZ 32, v0x5e5cdea22f50_3, C4<00000000000000000000000000000000>, C4<00000000000000000000000000000000>, C4<00000000000000000000000000000000>;
L_0x5e5cdea5c2b0 .functor BUFZ 32, v0x5e5cdea22f50_4, C4<00000000000000000000000000000000>, C4<00000000000000000000000000000000>, C4<00000000000000000000000000000000>;
L_0x5e5cdea5c3e0 .functor BUFZ 32, v0x5e5cdea22f50_5, C4<00000000000000000000000000000000>, C4<00000000000000000000000000000000>, C4<00000000000000000000000000000000>;
L_0x5e5cdea5c820 .functor BUFZ 32, L_0x5e5cdea34d20, C4<00000000000000000000000000000000>, C4<00000000000000000000000000000000>, C4<00000000000000000000000000000000>;
L_0x5e5cdea5c8c0 .functor BUFZ 32, L_0x5e5cdea588d0, C4<00000000000000000000000000000000>, C4<00000000000000000000000000000000>, C4<00000000000000000000000000000000>;
L_0x5e5cdea5cc50 .functor BUFZ 32, L_0x5e5cdea59050, C4<00000000000000000000000000000000>, C4<00000000000000000000000000000000>, C4<00000000000000000000000000000000>;
L_0x5e5cdea5ccc0 .functor BUFZ 32, L_0x5e5cdea59840, C4<00000000000000000000000000000000>, C4<00000000000000000000000000000000>, C4<00000000000000000000000000000000>;
L_0x5e5cdea5d060 .functor BUFZ 32, L_0x5e5cdea5a030, C4<00000000000000000000000000000000>, C4<00000000000000000000000000000000>, C4<00000000000000000000000000000000>;
L_0x5e5cdea5d0d0 .functor BUFZ 32, L_0x5e5cdea5a820, C4<00000000000000000000000000000000>, C4<00000000000000000000000000000000>, C4<00000000000000000000000000000000>;
L_0x5e5cdea600c0 .functor BUFZ 32, v0x5e5cdea22d90_0, C4<00000000000000000000000000000000>, C4<00000000000000000000000000000000>, C4<00000000000000000000000000000000>;
L_0x5e5cdea60130 .functor BUFZ 32, v0x5e5cdea22d90_1, C4<00000000000000000000000000000000>, C4<00000000000000000000000000000000>, C4<00000000000000000000000000000000>;
L_0x5e5cdea604f0 .functor BUFZ 32, v0x5e5cdea22d90_2, C4<00000000000000000000000000000000>, C4<00000000000000000000000000000000>, C4<00000000000000000000000000000000>;
L_0x5e5cdea60560 .functor BUFZ 32, v0x5e5cdea22d90_3, C4<00000000000000000000000000000000>, C4<00000000000000000000000000000000>, C4<00000000000000000000000000000000>;
L_0x5e5cdea60930 .functor BUFZ 32, v0x5e5cdea22d90_4, C4<00000000000000000000000000000000>, C4<00000000000000000000000000000000>, C4<00000000000000000000000000000000>;
L_0x5e5cdea609d0 .functor BUFZ 32, v0x5e5cdea22d90_5, C4<00000000000000000000000000000000>, C4<00000000000000000000000000000000>, C4<00000000000000000000000000000000>;
L_0x5e5cdea60de0 .functor BUFZ 32, v0x5e5cdea22f50_0, C4<00000000000000000000000000000000>, C4<00000000000000000000000000000000>, C4<00000000000000000000000000000000>;
L_0x5e5cdea60e80 .functor BUFZ 32, v0x5e5cdea22f50_1, C4<00000000000000000000000000000000>, C4<00000000000000000000000000000000>, C4<00000000000000000000000000000000>;
L_0x5e5cdea612a0 .functor BUFZ 32, v0x5e5cdea22f50_2, C4<00000000000000000000000000000000>, C4<00000000000000000000000000000000>, C4<00000000000000000000000000000000>;
L_0x5e5cdea61340 .functor BUFZ 32, v0x5e5cdea22f50_3, C4<00000000000000000000000000000000>, C4<00000000000000000000000000000000>, C4<00000000000000000000000000000000>;
L_0x5e5cdea61770 .functor BUFZ 32, v0x5e5cdea22f50_4, C4<00000000000000000000000000000000>, C4<00000000000000000000000000000000>, C4<00000000000000000000000000000000>;
L_0x5e5cdea61810 .functor BUFZ 32, v0x5e5cdea22f50_5, C4<00000000000000000000000000000000>, C4<00000000000000000000000000000000>, C4<00000000000000000000000000000000>;
L_0x5e5cdea61c50 .functor BUFZ 32, L_0x5e5cdea5d7e0, C4<00000000000000000000000000000000>, C4<00000000000000000000000000000000>, C4<00000000000000000000000000000000>;
L_0x5e5cdea61d60 .functor BUFZ 32, L_0x5e5cdea5df20, C4<00000000000000000000000000000000>, C4<00000000000000000000000000000000>, C4<00000000000000000000000000000000>;
L_0x5e5cdea62220 .functor BUFZ 32, L_0x5e5cdea5e750, C4<00000000000000000000000000000000>, C4<00000000000000000000000000000000>, C4<00000000000000000000000000000000>;
L_0x5e5cdea62330 .functor BUFZ 32, L_0x5e5cdea5ef40, C4<00000000000000000000000000000000>, C4<00000000000000000000000000000000>, C4<00000000000000000000000000000000>;
L_0x5e5cdea627b0 .functor BUFZ 32, L_0x5e5cdea5f730, C4<00000000000000000000000000000000>, C4<00000000000000000000000000000000>, C4<00000000000000000000000000000000>;
L_0x5e5cdea62870 .functor BUFZ 32, L_0x5e5cdea5ff20, C4<00000000000000000000000000000000>, C4<00000000000000000000000000000000>, C4<00000000000000000000000000000000>;
L_0x5e5cdea62d00 .functor BUFZ 32, L_0x5e5cdea5c820, C4<00000000000000000000000000000000>, C4<00000000000000000000000000000000>, C4<00000000000000000000000000000000>;
L_0x5e5cdea62dc0 .functor BUFZ 32, L_0x5e5cdea5c8c0, C4<00000000000000000000000000000000>, C4<00000000000000000000000000000000>, C4<00000000000000000000000000000000>;
L_0x5e5cdea63260 .functor BUFZ 32, L_0x5e5cdea5cc50, C4<00000000000000000000000000000000>, C4<00000000000000000000000000000000>, C4<00000000000000000000000000000000>;
L_0x5e5cdea63320 .functor BUFZ 32, L_0x5e5cdea5ccc0, C4<00000000000000000000000000000000>, C4<00000000000000000000000000000000>, C4<00000000000000000000000000000000>;
L_0x5e5cdea637d0 .functor BUFZ 32, L_0x5e5cdea5d060, C4<00000000000000000000000000000000>, C4<00000000000000000000000000000000>, C4<00000000000000000000000000000000>;
L_0x5e5cdea63890 .functor BUFZ 32, L_0x5e5cdea5d0d0, C4<00000000000000000000000000000000>, C4<00000000000000000000000000000000>, C4<00000000000000000000000000000000>;
v0x5e5cdea3e680_0 .array/port v0x5e5cdea3e680, 0;
L_0x5e5cdea63d50 .functor BUFZ 32, v0x5e5cdea3e680_0, C4<00000000000000000000000000000000>, C4<00000000000000000000000000000000>, C4<00000000000000000000000000000000>;
v0x5e5cdea3e680_1 .array/port v0x5e5cdea3e680, 1;
L_0x5e5cdea63dc0 .functor BUFZ 32, v0x5e5cdea3e680_1, C4<00000000000000000000000000000000>, C4<00000000000000000000000000000000>, C4<00000000000000000000000000000000>;
v0x5e5cdea3e680_2 .array/port v0x5e5cdea3e680, 2;
L_0x5e5cdea64240 .functor BUFZ 32, v0x5e5cdea3e680_2, C4<00000000000000000000000000000000>, C4<00000000000000000000000000000000>, C4<00000000000000000000000000000000>;
v0x5e5cdea3e680_3 .array/port v0x5e5cdea3e680, 3;
L_0x5e5cdea642b0 .functor BUFZ 32, v0x5e5cdea3e680_3, C4<00000000000000000000000000000000>, C4<00000000000000000000000000000000>, C4<00000000000000000000000000000000>;
v0x5e5cdea3e680_4 .array/port v0x5e5cdea3e680, 4;
L_0x5e5cdea647a0 .functor BUFZ 32, v0x5e5cdea3e680_4, C4<00000000000000000000000000000000>, C4<00000000000000000000000000000000>, C4<00000000000000000000000000000000>;
v0x5e5cdea3e680_5 .array/port v0x5e5cdea3e680, 5;
L_0x5e5cdea64870 .functor BUFZ 32, v0x5e5cdea3e680_5, C4<00000000000000000000000000000000>, C4<00000000000000000000000000000000>, C4<00000000000000000000000000000000>;
L_0x5e5cdea64380 .functor BUFZ 32, L_0x5e5cde9dbe70, C4<00000000000000000000000000000000>, C4<00000000000000000000000000000000>, C4<00000000000000000000000000000000>;
L_0x5e5cdea64470 .functor BUFZ 32, L_0x5e5cde9d0cf0, C4<00000000000000000000000000000000>, C4<00000000000000000000000000000000>, C4<00000000000000000000000000000000>;
L_0x5e5cdea64530 .functor BUFZ 32, L_0x5e5cde9cda50, C4<00000000000000000000000000000000>, C4<00000000000000000000000000000000>, C4<00000000000000000000000000000000>;
v0x5e5cdea3ea00_0 .array/port v0x5e5cdea3ea00, 0;
L_0x5e5cdea645f0 .functor BUFZ 32, v0x5e5cdea3ea00_0, C4<00000000000000000000000000000000>, C4<00000000000000000000000000000000>, C4<00000000000000000000000000000000>;
v0x5e5cdea3ea00_1 .array/port v0x5e5cdea3ea00, 1;
L_0x5e5cdea64690 .functor BUFZ 32, v0x5e5cdea3ea00_1, C4<00000000000000000000000000000000>, C4<00000000000000000000000000000000>, C4<00000000000000000000000000000000>;
v0x5e5cdea3ea00_2 .array/port v0x5e5cdea3ea00, 2;
L_0x5e5cdea64d90 .functor BUFZ 32, v0x5e5cdea3ea00_2, C4<00000000000000000000000000000000>, C4<00000000000000000000000000000000>, C4<00000000000000000000000000000000>;
L_0x5e5cdea64940 .functor BUFZ 32, v0x5e5cdea3e680_0, C4<00000000000000000000000000000000>, C4<00000000000000000000000000000000>, C4<00000000000000000000000000000000>;
L_0x5e5cdea64a30 .functor BUFZ 32, v0x5e5cdea3e680_1, C4<00000000000000000000000000000000>, C4<00000000000000000000000000000000>, C4<00000000000000000000000000000000>;
L_0x5e5cdea64af0 .functor BUFZ 32, v0x5e5cdea3e680_2, C4<00000000000000000000000000000000>, C4<00000000000000000000000000000000>, C4<00000000000000000000000000000000>;
L_0x5e5cdea64bb0 .functor BUFZ 32, v0x5e5cdea3e680_3, C4<00000000000000000000000000000000>, C4<00000000000000000000000000000000>, C4<00000000000000000000000000000000>;
L_0x5e5cdea64c70 .functor BUFZ 32, v0x5e5cdea3e680_4, C4<00000000000000000000000000000000>, C4<00000000000000000000000000000000>, C4<00000000000000000000000000000000>;
L_0x5e5cdea65280 .functor BUFZ 32, v0x5e5cdea3e680_5, C4<00000000000000000000000000000000>, C4<00000000000000000000000000000000>, C4<00000000000000000000000000000000>;
L_0x5e5cdea64e00 .functor BUFZ 32, v0x5e5cdea3ea00_0, C4<00000000000000000000000000000000>, C4<00000000000000000000000000000000>, C4<00000000000000000000000000000000>;
L_0x5e5cdea64ec0 .functor BUFZ 32, v0x5e5cdea3ea00_1, C4<00000000000000000000000000000000>, C4<00000000000000000000000000000000>, C4<00000000000000000000000000000000>;
L_0x5e5cdea64f80 .functor BUFZ 32, v0x5e5cdea3ea00_2, C4<00000000000000000000000000000000>, C4<00000000000000000000000000000000>, C4<00000000000000000000000000000000>;
v0x5e5cdea3eb40_0 .array/port v0x5e5cdea3eb40, 0;
L_0x5e5cdea65040 .functor BUFZ 32, v0x5e5cdea3eb40_0, C4<00000000000000000000000000000000>, C4<00000000000000000000000000000000>, C4<00000000000000000000000000000000>;
v0x5e5cdea3eb40_1 .array/port v0x5e5cdea3eb40, 1;
L_0x5e5cdea65110 .functor BUFZ 32, v0x5e5cdea3eb40_1, C4<00000000000000000000000000000000>, C4<00000000000000000000000000000000>, C4<00000000000000000000000000000000>;
v0x5e5cdea3eb40_2 .array/port v0x5e5cdea3eb40, 2;
L_0x5e5cdea651e0 .functor BUFZ 32, v0x5e5cdea3eb40_2, C4<00000000000000000000000000000000>, C4<00000000000000000000000000000000>, C4<00000000000000000000000000000000>;
v0x5e5cdea38350_0 .array/port v0x5e5cdea38350, 0;
L_0x5e5cdea657b0 .functor BUFZ 32, v0x5e5cdea38350_0, C4<00000000000000000000000000000000>, C4<00000000000000000000000000000000>, C4<00000000000000000000000000000000>;
v0x5e5cdea38350_1 .array/port v0x5e5cdea38350, 1;
L_0x5e5cdea65850 .functor BUFZ 32, v0x5e5cdea38350_1, C4<00000000000000000000000000000000>, C4<00000000000000000000000000000000>, C4<00000000000000000000000000000000>;
v0x5e5cdea38350_2 .array/port v0x5e5cdea38350, 2;
L_0x5e5cdea652f0 .functor BUFZ 32, v0x5e5cdea38350_2, C4<00000000000000000000000000000000>, C4<00000000000000000000000000000000>, C4<00000000000000000000000000000000>;
v0x5e5cdea38350_3 .array/port v0x5e5cdea38350, 3;
L_0x5e5cdea653c0 .functor BUFZ 32, v0x5e5cdea38350_3, C4<00000000000000000000000000000000>, C4<00000000000000000000000000000000>, C4<00000000000000000000000000000000>;
v0x5e5cdea38350_4 .array/port v0x5e5cdea38350, 4;
L_0x5e5cdea65490 .functor BUFZ 32, v0x5e5cdea38350_4, C4<00000000000000000000000000000000>, C4<00000000000000000000000000000000>, C4<00000000000000000000000000000000>;
v0x5e5cdea38350_5 .array/port v0x5e5cdea38350, 5;
L_0x5e5cdea65560 .functor BUFZ 32, v0x5e5cdea38350_5, C4<00000000000000000000000000000000>, C4<00000000000000000000000000000000>, C4<00000000000000000000000000000000>;
v0x5e5cdea39820_0 .var "busy", 0 0;
v0x5e5cdea39900_0 .net "chol_done", 0 0, v0x5e5cde9ca860_0;  1 drivers
v0x5e5cdea399c0_0 .net/s "chol_factor", 31 0, v0x5e5cde9cdaf0_0;  1 drivers
v0x5e5cdea39ae0_0 .var "chol_start", 0 0;
v0x5e5cdea39b80_0 .net "clk", 0 0, v0x5e5cdea3ef50_0;  1 drivers
v0x5e5cdea39c70_0 .net "cordic_done", 0 0, v0x5e5cdea21440_0;  1 drivers
v0x5e5cdea39d10_0 .var "cordic_ready", 0 0;
v0x5e5cdea39db0_0 .var "cordic_start", 0 0;
v0x5e5cdea39e80_0 .var "done", 0 0;
v0x5e5cdea39f20_0 .var/s "est_x", 31 0;
v0x5e5cdea39fc0_0 .var/s "est_y", 31 0;
v0x5e5cdea3a080_0 .var/s "est_z", 31 0;
v0x5e5cdea3a160_0 .net "fabric_center_pair", 0 0, v0x5e5cdea22270_0;  1 drivers
v0x5e5cdea3a230_0 .net "fabric_pair_index", 7 0, v0x5e5cdea22700_0;  1 drivers
v0x5e5cdea3a300_0 .net "fabric_valid", 0 0, v0x5e5cdea22cd0_0;  1 drivers
v0x5e5cdea3a3d0 .array "fabric_vec_a", 5 0;
v0x5e5cdea3a3d0_0 .net/s v0x5e5cdea3a3d0 0, 31 0, v0x5e5cdea22d90_0; 1 drivers
v0x5e5cdea3a3d0_1 .net/s v0x5e5cdea3a3d0 1, 31 0, v0x5e5cdea22d90_1; 1 drivers
v0x5e5cdea3a3d0_2 .net/s v0x5e5cdea3a3d0 2, 31 0, v0x5e5cdea22d90_2; 1 drivers
v0x5e5cdea3a3d0_3 .net/s v0x5e5cdea3a3d0 3, 31 0, v0x5e5cdea22d90_3; 1 drivers
v0x5e5cdea3a3d0_4 .net/s v0x5e5cdea3a3d0 4, 31 0, v0x5e5cdea22d90_4; 1 drivers
v0x5e5cdea3a3d0_5 .net/s v0x5e5cdea3a3d0 5, 31 0, v0x5e5cdea22d90_5; 1 drivers
v0x5e5cdea3a510 .array "fabric_vec_b", 5 0;
v0x5e5cdea3a510_0 .net/s v0x5e5cdea3a510 0, 31 0, v0x5e5cdea22f50_0; 1 drivers
v0x5e5cdea3a510_1 .net/s v0x5e5cdea3a510 1, 31 0, v0x5e5cdea22f50_1; 1 drivers
v0x5e5cdea3a510_2 .net/s v0x5e5cdea3a510 2, 31 0, v0x5e5cdea22f50_2; 1 drivers
v0x5e5cdea3a510_3 .net/s v0x5e5cdea3a510 3, 31 0, v0x5e5cdea22f50_3; 1 drivers
v0x5e5cdea3a510_4 .net/s v0x5e5cdea3a510 4, 31 0, v0x5e5cdea22f50_4; 1 drivers
v0x5e5cdea3a510_5 .net/s v0x5e5cdea3a510 5, 31 0, v0x5e5cdea22f50_5; 1 drivers
v0x5e5cdea3a6d0_0 .var/i "i", 31 0;
v0x5e5cdea3a7b0_0 .var "meas_acc_clear", 0 0;
v0x5e5cdea3a880_0 .var "meas_acc_en", 0 0;
v0x5e5cdea3a950_0 .var "meas_buf_wr0", 0 0;
v0x5e5cdea3aa20_0 .var "meas_buf_wr1", 0 0;
v0x5e5cdea3aaf0 .array "meas_mean_sum_full", 5 0;
v0x5e5cdea3aaf0_0 .net/s v0x5e5cdea3aaf0 0, 31 0, L_0x5e5cdea473d0; 1 drivers
v0x5e5cdea3aaf0_1 .net/s v0x5e5cdea3aaf0 1, 31 0, L_0x5e5cdea474c0; 1 drivers
v0x5e5cdea3aaf0_2 .net/s v0x5e5cdea3aaf0 2, 31 0, L_0x5e5cdea47810; 1 drivers
v0x5e5cdea3aaf0_3 .net/s v0x5e5cdea3aaf0 3, 31 0, L_0x5e5cdea478d0; 1 drivers
v0x5e5cdea3aaf0_4 .net/s v0x5e5cdea3aaf0 4, 31 0, L_0x5e5cdea47c30; 1 drivers
v0x5e5cdea3aaf0_5 .net/s v0x5e5cdea3aaf0 5, 31 0, L_0x5e5cdea47cf0; 1 drivers
v0x5e5cdea3ac30_0 .var "meas_pacc_clear", 0 0;
v0x5e5cdea3ad00_0 .var "meas_pacc_en", 0 0;
v0x5e5cdea3add0_0 .var/s "meas_pacc_weight", 31 0;
v0x5e5cdea3aea0_0 .var "meas_rd_addr", 3 0;
v0x5e5cdea3af70 .array "meas_rd_vec", 2 0;
v0x5e5cdea3af70_0 .net/s v0x5e5cdea3af70 0, 31 0, L_0x5e5cde9dbe70; 1 drivers
v0x5e5cdea3af70_1 .net/s v0x5e5cdea3af70 1, 31 0, L_0x5e5cde9d0cf0; 1 drivers
v0x5e5cdea3af70_2 .net/s v0x5e5cdea3af70 2, 31 0, L_0x5e5cde9cda50; 1 drivers
v0x5e5cdea3b070 .array "meas_rd_vec_full", 5 0;
v0x5e5cdea3b070_0 .net/s v0x5e5cdea3b070 0, 31 0, L_0x5e5cdea61c50; 1 drivers
v0x5e5cdea3b070_1 .net/s v0x5e5cdea3b070 1, 31 0, L_0x5e5cdea61d60; 1 drivers
v0x5e5cdea3b070_2 .net/s v0x5e5cdea3b070 2, 31 0, L_0x5e5cdea62220; 1 drivers
v0x5e5cdea3b070_3 .net/s v0x5e5cdea3b070 3, 31 0, L_0x5e5cdea62330; 1 drivers
v0x5e5cdea3b070_4 .net/s v0x5e5cdea3b070 4, 31 0, L_0x5e5cdea627b0; 1 drivers
v0x5e5cdea3b070_5 .net/s v0x5e5cdea3b070 5, 31 0, L_0x5e5cdea62870; 1 drivers
v0x5e5cdea3b230_0 .net/s "meas_spread_metric", 31 0, v0x5e5cdea29c30_0;  1 drivers
v0x5e5cdea3b320_0 .var/s "meas_weight_a", 31 0;
v0x5e5cdea3b3f0_0 .var/s "meas_weight_b", 31 0;
v0x5e5cdea3b4c0_0 .var "meas_wr_addr0", 3 0;
v0x5e5cdea3b590_0 .var "meas_wr_addr1", 3 0;
v0x5e5cdea3b660_0 .var "meas_wr_ptr", 3 0;
v0x5e5cdea3b720_0 .net/s "meas_x", 31 0, v0x5e5cdea3f560_0;  1 drivers
v0x5e5cdea3b800_0 .net/s "meas_y", 31 0, v0x5e5cdea3f650_0;  1 drivers
v0x5e5cdea3b8e0_0 .net/s "meas_z", 31 0, v0x5e5cdea3f720_0;  1 drivers
v0x5e5cdea3b9c0_0 .var "phase_predict_dbg", 0 0;
v0x5e5cdea3ba80_0 .var "phase_update_dbg", 0 0;
v0x5e5cdea3bb40_0 .var "pred_buf_wr0", 0 0;
v0x5e5cdea3bc10_0 .var "pred_buf_wr1", 0 0;
v0x5e5cdea3bce0_0 .var "pred_pacc_clear", 0 0;
v0x5e5cdea3bdb0_0 .var "pred_pacc_en", 0 0;
v0x5e5cdea3be80_0 .var/s "pred_pacc_weight", 31 0;
v0x5e5cdea3bf50_0 .var "pred_rd_addr", 3 0;
v0x5e5cdea3c020 .array "pred_rd_vec", 5 0;
v0x5e5cdea3c020_0 .net/s v0x5e5cdea3c020 0, 31 0, L_0x5e5cdea5c820; 1 drivers
v0x5e5cdea3c020_1 .net/s v0x5e5cdea3c020 1, 31 0, L_0x5e5cdea5c8c0; 1 drivers
v0x5e5cdea3c020_2 .net/s v0x5e5cdea3c020 2, 31 0, L_0x5e5cdea5cc50; 1 drivers
v0x5e5cdea3c020_3 .net/s v0x5e5cdea3c020 3, 31 0, L_0x5e5cdea5ccc0; 1 drivers
v0x5e5cdea3c020_4 .net/s v0x5e5cdea3c020 4, 31 0, L_0x5e5cdea5d060; 1 drivers
v0x5e5cdea3c020_5 .net/s v0x5e5cdea3c020 5, 31 0, L_0x5e5cdea5d0d0; 1 drivers
v0x5e5cdea3c160_0 .net/s "pred_spread_metric", 31 0, v0x5e5cdea33280_0;  1 drivers
v0x5e5cdea3c250_0 .var "pred_wr_addr0", 3 0;
v0x5e5cdea3c320_0 .var "pred_wr_addr1", 3 0;
v0x5e5cdea3c3f0_0 .var "pred_wr_ptr", 3 0;
v0x5e5cdea3c4b0_0 .net "qr_done", 0 0, v0x5e5cdea33b60_0;  1 drivers
v0x5e5cdea3c580_0 .net/s "qr_factor", 31 0, v0x5e5cdea33d10_0;  1 drivers
v0x5e5cdea3c620_0 .var/s "qr_metric_in", 31 0;
v0x5e5cdea3c6e0_0 .var "qr_start", 0 0;
v0x5e5cdea3c7b0_0 .net "rst_n", 0 0, v0x5e5cdea3f990_0;  1 drivers
v0x5e5cdea3c850_0 .var "sigma_index_dbg", 7 0;
v0x5e5cdea3c8f0_0 .net/s "sigma_spread", 31 0, v0x5e5cdea21750_0;  1 drivers
v0x5e5cdea3ca00 .array/s "spg_base_state", 5 0, 31 0;
v0x5e5cdea3cbc0_0 .net "spg_center_pair", 0 0, v0x5e5cdea345c0_0;  1 drivers
v0x5e5cdea3ccb0_0 .net "spg_done", 0 0, v0x5e5cdea34780_0;  1 drivers
v0x5e5cdea3cd50_0 .var "spg_mode_h", 0 0;
v0x5e5cdea3cdf0_0 .net "spg_pair_index", 7 0, v0x5e5cdea34910_0;  1 drivers
v0x5e5cdea3cee0 .array "spg_sigma_a", 5 0;
v0x5e5cdea3cee0_0 .net/s v0x5e5cdea3cee0 0, 31 0, v0x5e5cdea34bf0_0; 1 drivers
v0x5e5cdea3cee0_1 .net/s v0x5e5cdea3cee0 1, 31 0, v0x5e5cdea34bf0_1; 1 drivers
v0x5e5cdea3cee0_2 .net/s v0x5e5cdea3cee0 2, 31 0, v0x5e5cdea34bf0_2; 1 drivers
v0x5e5cdea3cee0_3 .net/s v0x5e5cdea3cee0 3, 31 0, v0x5e5cdea34bf0_3; 1 drivers
v0x5e5cdea3cee0_4 .net/s v0x5e5cdea3cee0 4, 31 0, v0x5e5cdea34bf0_4; 1 drivers
v0x5e5cdea3cee0_5 .net/s v0x5e5cdea3cee0 5, 31 0, v0x5e5cdea34bf0_5; 1 drivers
v0x5e5cdea3d080 .array "spg_sigma_b", 5 0;
v0x5e5cdea3d080_0 .net/s v0x5e5cdea3d080 0, 31 0, v0x5e5cdea34db0_0; 1 drivers
v0x5e5cdea3d080_1 .net/s v0x5e5cdea3d080 1, 31 0, v0x5e5cdea34db0_1; 1 drivers
v0x5e5cdea3d080_2 .net/s v0x5e5cdea3d080 2, 31 0, v0x5e5cdea34db0_2; 1 drivers
v0x5e5cdea3d080_3 .net/s v0x5e5cdea3d080 3, 31 0, v0x5e5cdea34db0_3; 1 drivers
v0x5e5cdea3d080_4 .net/s v0x5e5cdea3d080 4, 31 0, v0x5e5cdea34db0_4; 1 drivers
v0x5e5cdea3d080_5 .net/s v0x5e5cdea3d080 5, 31 0, v0x5e5cdea34db0_5; 1 drivers
v0x5e5cdea3d650_0 .var "spg_start", 0 0;
v0x5e5cdea3d6f0_0 .net "spg_valid", 0 0, v0x5e5cdea35100_0;  1 drivers
v0x5e5cdea3d7e0_0 .net "start", 0 0, v0x5e5cdea3fb00_0;  1 drivers
v0x5e5cdea3d880_0 .var "state", 4 0;
v0x5e5cdea3d960_0 .var "state_acc_clear", 0 0;
v0x5e5cdea3da00_0 .var "state_acc_en", 0 0;
v0x5e5cdea3dad0_0 .var "state_dbg", 4 0;
v0x5e5cdea3db70 .array "state_mean_sum", 5 0;
v0x5e5cdea3db70_0 .net/s v0x5e5cdea3db70 0, 31 0, L_0x5e5cdea44dc0; 1 drivers
v0x5e5cdea3db70_1 .net/s v0x5e5cdea3db70 1, 31 0, L_0x5e5cdea44e80; 1 drivers
v0x5e5cdea3db70_2 .net/s v0x5e5cdea3db70 2, 31 0, L_0x5e5cdea45140; 1 drivers
v0x5e5cdea3db70_3 .net/s v0x5e5cdea3db70 3, 31 0, L_0x5e5cdea45200; 1 drivers
v0x5e5cdea3db70_4 .net/s v0x5e5cdea3db70 4, 31 0, L_0x5e5cdea454d0; 1 drivers
v0x5e5cdea3db70_5 .net/s v0x5e5cdea3db70 5, 31 0, L_0x5e5cdea45590; 1 drivers
v0x5e5cdea3dd30_0 .var/s "state_weight_a", 31 0;
v0x5e5cdea3de20_0 .var/s "state_weight_b", 31 0;
v0x5e5cdea3def0_0 .net "trisolve_done", 0 0, v0x5e5cdea37e70_0;  1 drivers
v0x5e5cdea3dfc0_0 .var "trisolve_start", 0 0;
v0x5e5cdea3e090_0 .net/s "w0c_full", 31 0, v0x5e5cdea39410_0;  1 drivers
v0x5e5cdea3e160_0 .net/s "w0m_half", 31 0, v0x5e5cdea39540_0;  1 drivers
v0x5e5cdea3e230_0 .net "wc_done", 0 0, v0x5e5cdea391e0_0;  1 drivers
v0x5e5cdea3e300_0 .var "wc_ready", 0 0;
v0x5e5cdea3e3a0_0 .var "wc_start", 0 0;
v0x5e5cdea3e470_0 .net/s "wi", 31 0, v0x5e5cdea39620_0;  1 drivers
v0x5e5cdea3e540 .array "x_post", 5 0;
v0x5e5cdea3e540_0 .net/s v0x5e5cdea3e540 0, 31 0, L_0x5e5cdea657b0; 1 drivers
v0x5e5cdea3e540_1 .net/s v0x5e5cdea3e540 1, 31 0, L_0x5e5cdea65850; 1 drivers
v0x5e5cdea3e540_2 .net/s v0x5e5cdea3e540 2, 31 0, L_0x5e5cdea652f0; 1 drivers
v0x5e5cdea3e540_3 .net/s v0x5e5cdea3e540 3, 31 0, L_0x5e5cdea653c0; 1 drivers
v0x5e5cdea3e540_4 .net/s v0x5e5cdea3e540 4, 31 0, L_0x5e5cdea65490; 1 drivers
v0x5e5cdea3e540_5 .net/s v0x5e5cdea3e540 5, 31 0, L_0x5e5cdea65560; 1 drivers
v0x5e5cdea3e680 .array/s "x_prior", 5 0, 31 0;
v0x5e5cdea3e840 .array/s "x_state", 5 0, 31 0;
v0x5e5cdea3ea00 .array/s "z_mean", 2 0, 31 0;
v0x5e5cdea3eb40 .array/s "z_obs", 2 0, 31 0;
S_0x5e5cde9c9d90 .scope generate, "GEN_MEAS_SLICE[0]" "GEN_MEAS_SLICE[0]" 4 784, 4 784 0, S_0x5e5cde9cd020;
 .timescale -9 -12;
P_0x5e5cde9f0da0 .param/l "gm" 1 4 784, +C4<00>;
L_0x5e5cde9dbe70 .functor BUFZ 32, L_0x5e5cdea61c50, C4<00000000000000000000000000000000>, C4<00000000000000000000000000000000>, C4<00000000000000000000000000000000>;
S_0x5e5cde9c6b00 .scope generate, "GEN_MEAS_SLICE[1]" "GEN_MEAS_SLICE[1]" 4 784, 4 784 0, S_0x5e5cde9cd020;
 .timescale -9 -12;
P_0x5e5cde932c40 .param/l "gm" 1 4 784, +C4<01>;
L_0x5e5cde9d0cf0 .functor BUFZ 32, L_0x5e5cdea61d60, C4<00000000000000000000000000000000>, C4<00000000000000000000000000000000>, C4<00000000000000000000000000000000>;
S_0x5e5cde9d4b90 .scope generate, "GEN_MEAS_SLICE[2]" "GEN_MEAS_SLICE[2]" 4 784, 4 784 0, S_0x5e5cde9cd020;
 .timescale -9 -12;
P_0x5e5cde936fa0 .param/l "gm" 1 4 784, +C4<010>;
L_0x5e5cde9cda50 .functor BUFZ 32, L_0x5e5cdea62220, C4<00000000000000000000000000000000>, C4<00000000000000000000000000000000>, C4<00000000000000000000000000000000>;
S_0x5e5cde9d4190 .scope module, "chol_inst" "cholupdate_unit" 4 757, 4 379 0, S_0x5e5cde9cd020;
 .timescale -9 -12;
    .port_info 0 /INPUT 1 "clk";
    .port_info 1 /INPUT 1 "rst_n";
    .port_info 2 /INPUT 1 "start";
    .port_info 3 /INPUT 32 "qr_factor";
    .port_info 4 /OUTPUT 1 "done";
    .port_info 5 /OUTPUT 32 "chol_factor";
P_0x5e5cde937630 .param/l "DATA_W" 0 4 380, +C4<00000000000000000000000000100000>;
v0x5e5cde9cdaf0_0 .var/s "chol_factor", 31 0;
v0x5e5cde9cd1c0_0 .net "clk", 0 0, v0x5e5cdea3ef50_0;  alias, 1 drivers
v0x5e5cde9ca860_0 .var "done", 0 0;
v0x5e5cde9c9f30_0 .var "latency", 1 0;
v0x5e5cde9c75d0_0 .net/s "qr_factor", 31 0, v0x5e5cdea33d10_0;  alias, 1 drivers
v0x5e5cde9c6ca0_0 .net "rst_n", 0 0, v0x5e5cdea3f990_0;  alias, 1 drivers
v0x5e5cdea20890_0 .net "start", 0 0, v0x5e5cdea39ae0_0;  1 drivers
E_0x5e5cde8e3eb0/0 .event negedge, v0x5e5cde9c6ca0_0;
E_0x5e5cde8e3eb0/1 .event posedge, v0x5e5cde9cd1c0_0;
E_0x5e5cde8e3eb0 .event/or E_0x5e5cde8e3eb0/0, E_0x5e5cde8e3eb0/1;
S_0x5e5cdea20a10 .scope module, "cordic_inst" "cordic_unit" 4 603, 4 36 0, S_0x5e5cde9cd020;
 .timescale -9 -12;
    .port_info 0 /INPUT 1 "clk";
    .port_info 1 /INPUT 1 "rst_n";
    .port_info 2 /INPUT 1 "start";
    .port_info 3 /INPUT 192 "state_in";
    .port_info 4 /OUTPUT 1 "done";
    .port_info 5 /OUTPUT 32 "spread";
P_0x5e5cdea20c40 .param/l "DATA_W" 0 4 37, +C4<00000000000000000000000000100000>;
P_0x5e5cdea20c80 .param/l "FRAC_W" 0 4 38, +C4<00000000000000000000000000010000>;
P_0x5e5cdea20cc0 .param/l "N_DIM" 0 4 39, +C4<00000000000000000000000000000110>;
v0x5e5cdea21280_0 .var/s "abs_sum", 31 0;
v0x5e5cdea21380_0 .net "clk", 0 0, v0x5e5cdea3ef50_0;  alias, 1 drivers
v0x5e5cdea21440_0 .var "done", 0 0;
v0x5e5cdea214e0_0 .var/i "i", 31 0;
v0x5e5cdea21580_0 .var "latency", 1 0;
v0x5e5cdea216b0_0 .net "rst_n", 0 0, v0x5e5cdea3f990_0;  alias, 1 drivers
v0x5e5cdea21750_0 .var/s "spread", 31 0;
v0x5e5cdea21810_0 .net "start", 0 0, v0x5e5cdea39db0_0;  1 drivers
v0x5e5cdea218d0 .array "state_in", 5 0;
v0x5e5cdea218d0_0 .net/s v0x5e5cdea218d0 0, 31 0, L_0x5e5cde9ca7c0; 1 drivers
v0x5e5cdea218d0_1 .net/s v0x5e5cdea218d0 1, 31 0, L_0x5e5cde9c7530; 1 drivers
v0x5e5cdea218d0_2 .net/s v0x5e5cdea218d0 2, 31 0, L_0x5e5cde8fca50; 1 drivers
v0x5e5cdea218d0_3 .net/s v0x5e5cdea218d0 3, 31 0, L_0x5e5cdea3fee0; 1 drivers
v0x5e5cdea218d0_4 .net/s v0x5e5cdea218d0 4, 31 0, L_0x5e5cdea3ffe0; 1 drivers
v0x5e5cdea218d0_5 .net/s v0x5e5cdea218d0 5, 31 0, L_0x5e5cdea400b0; 1 drivers
S_0x5e5cdea20ea0 .scope autofunction.vec4.u32, "abs_fixed" "abs_fixed" 4 52, 4 52 0, S_0x5e5cdea20a10;
 .timescale -9 -12;
; Variable abs_fixed is vec4 return value of scope S_0x5e5cdea20ea0
v0x5e5cdea211a0_0 .var/s "value", 31 0;
TD_tb_ukf.dut.cordic_inst.abs_fixed ;
    %load/vec4 v0x5e5cdea211a0_0;
    %parti/s 1, 31, 6;
    %flag_set/vec4 8;
    %jmp/0 T_0.0, 8;
    %load/vec4 v0x5e5cdea211a0_0;
    %inv;
    %pushi/vec4 1, 0, 32;
    %add;
    %jmp/1 T_0.1, 8;
T_0.0 ; End of true expr.
    %load/vec4 v0x5e5cdea211a0_0;
    %jmp/0 T_0.1, 8;
 ; End of false expr.
    %blend;
T_0.1;
    %ret/vec4 0, 0, 32;  Assign to abs_fixed (store_vec4_to_lval)
    %end;
S_0x5e5cdea21b50 .scope module, "fabric_inst" "shared_compute_fabric" 4 634, 4 148 0, S_0x5e5cde9cd020;
 .timescale -9 -12;
    .port_info 0 /INPUT 1 "clk";
    .port_info 1 /INPUT 1 "rst_n";
    .port_info 2 /INPUT 1 "valid_i";
    .port_info 3 /INPUT 1 "mode_h";
    .port_info 4 /INPUT 1 "center_pair_i";
    .port_info 5 /INPUT 8 "pair_index_i";
    .port_info 6 /INPUT 192 "sigma_a_i";
    .port_info 7 /INPUT 192 "sigma_b_i";
    .port_info 8 /OUTPUT 1 "valid_o";
    .port_info 9 /OUTPUT 1 "center_pair_o";
    .port_info 10 /OUTPUT 8 "pair_index_o";
    .port_info 11 /OUTPUT 192 "vec_a_o";
    .port_info 12 /OUTPUT 192 "vec_b_o";
P_0x5e5cdea21ce0 .param/l "DATA_W" 0 4 149, +C4<00000000000000000000000000100000>;
P_0x5e5cdea21d20 .param/l "DT_Q" 1 4 169, +C4<00000000000000000001100110011010>;
P_0x5e5cdea21d60 .param/l "FRAC_W" 0 4 150, +C4<00000000000000000000000000010000>;
P_0x5e5cdea21da0 .param/l "N_IN" 0 4 151, +C4<00000000000000000000000000000110>;
P_0x5e5cdea21de0 .param/l "N_OUT" 0 4 152, +C4<00000000000000000000000000000110>;
v0x5e5cdea22190_0 .net "center_pair_i", 0 0, v0x5e5cdea345c0_0;  alias, 1 drivers
v0x5e5cdea22270_0 .var "center_pair_o", 0 0;
v0x5e5cdea22330_0 .net "clk", 0 0, v0x5e5cdea3ef50_0;  alias, 1 drivers
v0x5e5cdea22450_0 .var/i "i", 31 0;
v0x5e5cdea22510_0 .net "mode_h", 0 0, v0x5e5cdea3cd50_0;  1 drivers
v0x5e5cdea22620_0 .net "pair_index_i", 7 0, v0x5e5cdea34910_0;  alias, 1 drivers
v0x5e5cdea22700_0 .var "pair_index_o", 7 0;
v0x5e5cdea227e0_0 .net "rst_n", 0 0, v0x5e5cdea3f990_0;  alias, 1 drivers
v0x5e5cdea228d0 .array "sigma_a_i", 5 0;
v0x5e5cdea228d0_0 .net/s v0x5e5cdea228d0 0, 31 0, L_0x5e5cdea414d0; 1 drivers
v0x5e5cdea228d0_1 .net/s v0x5e5cdea228d0 1, 31 0, L_0x5e5cdea41570; 1 drivers
v0x5e5cdea228d0_2 .net/s v0x5e5cdea228d0 2, 31 0, L_0x5e5cdea416c0; 1 drivers
v0x5e5cdea228d0_3 .net/s v0x5e5cdea228d0 3, 31 0, L_0x5e5cdea41780; 1 drivers
v0x5e5cdea228d0_4 .net/s v0x5e5cdea228d0 4, 31 0, L_0x5e5cdea41930; 1 drivers
v0x5e5cdea228d0_5 .net/s v0x5e5cdea228d0 5, 31 0, L_0x5e5cdea419f0; 1 drivers
v0x5e5cdea22a50 .array "sigma_b_i", 5 0;
v0x5e5cdea22a50_0 .net/s v0x5e5cdea22a50 0, 31 0, L_0x5e5cdea41bb0; 1 drivers
v0x5e5cdea22a50_1 .net/s v0x5e5cdea22a50 1, 31 0, L_0x5e5cdea41c70; 1 drivers
v0x5e5cdea22a50_2 .net/s v0x5e5cdea22a50 2, 31 0, L_0x5e5cdea41e40; 1 drivers
v0x5e5cdea22a50_3 .net/s v0x5e5cdea22a50 3, 31 0, L_0x5e5cdea41f00; 1 drivers
v0x5e5cdea22a50_4 .net/s v0x5e5cdea22a50 4, 31 0, L_0x5e5cdea420e0; 1 drivers
v0x5e5cdea22a50_5 .net/s v0x5e5cdea22a50 5, 31 0, L_0x5e5cdea421a0; 1 drivers
v0x5e5cdea22c10_0 .net "valid_i", 0 0, v0x5e5cdea35100_0;  alias, 1 drivers
v0x5e5cdea22cd0_0 .var "valid_o", 0 0;
v0x5e5cdea22d90 .array/s "vec_a_o", 5 0, 31 0;
v0x5e5cdea22f50 .array/s "vec_b_o", 5 0, 31 0;
S_0x5e5cdea232b0 .scope module, "meas_buffer" "sigma_buffer" 4 702, 4 308 0, S_0x5e5cde9cd020;
 .timescale -9 -12;
    .port_info 0 /INPUT 1 "clk";
    .port_info 1 /INPUT 1 "wr_en0";
    .port_info 2 /INPUT 4 "wr_addr0";
    .port_info 3 /INPUT 192 "wr_vec0";
    .port_info 4 /INPUT 1 "wr_en1";
    .port_info 5 /INPUT 4 "wr_addr1";
    .port_info 6 /INPUT 192 "wr_vec1";
    .port_info 7 /INPUT 4 "rd_addr";
    .port_info 8 /OUTPUT 192 "rd_vec";
P_0x5e5cdea23440 .param/l "DATA_W" 0 4 309, +C4<00000000000000000000000000100000>;
P_0x5e5cdea23480 .param/l "DEPTH" 0 4 311, +C4<00000000000000000000000000000000000000000000000000000000000001101>;
P_0x5e5cdea234c0 .param/l "N_DIM" 0 4 310, +C4<00000000000000000000000000000110>;
v0x5e5cdea27fe0_0 .net "clk", 0 0, v0x5e5cdea3ef50_0;  alias, 1 drivers
v0x5e5cdea280a0_0 .var/i "i", 31 0;
v0x5e5cdea28180 .array/s "mem", 77 0, 31 0;
v0x5e5cdea28220_0 .net "rd_addr", 3 0, v0x5e5cdea3aea0_0;  1 drivers
v0x5e5cdea28300 .array "rd_vec", 5 0;
v0x5e5cdea28300_0 .net/s v0x5e5cdea28300 0, 31 0, L_0x5e5cdea5d7e0; 1 drivers
v0x5e5cdea28300_1 .net/s v0x5e5cdea28300 1, 31 0, L_0x5e5cdea5df20; 1 drivers
v0x5e5cdea28300_2 .net/s v0x5e5cdea28300 2, 31 0, L_0x5e5cdea5e750; 1 drivers
v0x5e5cdea28300_3 .net/s v0x5e5cdea28300 3, 31 0, L_0x5e5cdea5ef40; 1 drivers
v0x5e5cdea28300_4 .net/s v0x5e5cdea28300 4, 31 0, L_0x5e5cdea5f730; 1 drivers
v0x5e5cdea28300_5 .net/s v0x5e5cdea28300 5, 31 0, L_0x5e5cdea5ff20; 1 drivers
v0x5e5cdea284c0_0 .net "wr_addr0", 3 0, v0x5e5cdea3b4c0_0;  1 drivers
v0x5e5cdea285a0_0 .net "wr_addr1", 3 0, v0x5e5cdea3b590_0;  1 drivers
v0x5e5cdea28680_0 .net "wr_en0", 0 0, v0x5e5cdea3a950_0;  1 drivers
v0x5e5cdea28740_0 .net "wr_en1", 0 0, v0x5e5cdea3aa20_0;  1 drivers
v0x5e5cdea28890 .array "wr_vec0", 5 0;
v0x5e5cdea28890_0 .net/s v0x5e5cdea28890 0, 31 0, L_0x5e5cdea600c0; 1 drivers
v0x5e5cdea28890_1 .net/s v0x5e5cdea28890 1, 31 0, L_0x5e5cdea60130; 1 drivers
v0x5e5cdea28890_2 .net/s v0x5e5cdea28890 2, 31 0, L_0x5e5cdea604f0; 1 drivers
v0x5e5cdea28890_3 .net/s v0x5e5cdea28890 3, 31 0, L_0x5e5cdea60560; 1 drivers
v0x5e5cdea28890_4 .net/s v0x5e5cdea28890 4, 31 0, L_0x5e5cdea60930; 1 drivers
v0x5e5cdea28890_5 .net/s v0x5e5cdea28890 5, 31 0, L_0x5e5cdea609d0; 1 drivers
v0x5e5cdea28a50 .array "wr_vec1", 5 0;
v0x5e5cdea28a50_0 .net/s v0x5e5cdea28a50 0, 31 0, L_0x5e5cdea60de0; 1 drivers
v0x5e5cdea28a50_1 .net/s v0x5e5cdea28a50 1, 31 0, L_0x5e5cdea60e80; 1 drivers
v0x5e5cdea28a50_2 .net/s v0x5e5cdea28a50 2, 31 0, L_0x5e5cdea612a0; 1 drivers
v0x5e5cdea28a50_3 .net/s v0x5e5cdea28a50 3, 31 0, L_0x5e5cdea61340; 1 drivers
v0x5e5cdea28a50_4 .net/s v0x5e5cdea28a50 4, 31 0, L_0x5e5cdea61770; 1 drivers
v0x5e5cdea28a50_5 .net/s v0x5e5cdea28a50 5, 31 0, L_0x5e5cdea61810; 1 drivers
E_0x5e5cdea23780 .event posedge, v0x5e5cde9cd1c0_0;
S_0x5e5cdea23800 .scope generate, "GEN_RD[0]" "GEN_RD[0]" 4 341, 4 341 0, S_0x5e5cdea232b0;
 .timescale -9 -12;
P_0x5e5cdea23a20 .param/l "g" 1 4 341, +C4<00>;
L_0x5e5cdea5d7e0 .functor BUFZ 32, L_0x5e5cdea5d480, C4<00000000000000000000000000000000>, C4<00000000000000000000000000000000>, C4<00000000000000000000000000000000>;
v0x5e5cdea23b00_0 .net *"_ivl_1", 31 0, L_0x5e5cdea5d480;  1 drivers
L_0x7e5f008646d8 .functor BUFT 1, C4<000>, C4<0>, C4<0>, C4<0>;
v0x5e5cdea23be0_0 .net *"_ivl_10", 2 0, L_0x7e5f008646d8;  1 drivers
L_0x7e5f00864720 .functor BUFT 1, C4<00000000110>, C4<0>, C4<0>, C4<0>;
v0x5e5cdea23cc0_0 .net/2u *"_ivl_11", 10 0, L_0x7e5f00864720;  1 drivers
v0x5e5cdea23d80_0 .net *"_ivl_14", 10 0, L_0x5e5cdea5d6c0;  1 drivers
v0x5e5cdea23e60_0 .net *"_ivl_3", 7 0, L_0x5e5cdea5d550;  1 drivers
L_0x7e5f00864690 .functor BUFT 1, C4<0000>, C4<0>, C4<0>, C4<0>;
v0x5e5cdea23f90_0 .net *"_ivl_6", 3 0, L_0x7e5f00864690;  1 drivers
v0x5e5cdea24070_0 .net *"_ivl_7", 10 0, L_0x5e5cdea5d620;  1 drivers
L_0x5e5cdea5d480 .array/port v0x5e5cdea28180, L_0x5e5cdea5d6c0;
L_0x5e5cdea5d550 .concat [ 4 4 0 0], v0x5e5cdea3aea0_0, L_0x7e5f00864690;
L_0x5e5cdea5d620 .concat [ 8 3 0 0], L_0x5e5cdea5d550, L_0x7e5f008646d8;
L_0x5e5cdea5d6c0 .arith/mult 11, L_0x5e5cdea5d620, L_0x7e5f00864720;
S_0x5e5cdea24150 .scope generate, "GEN_RD[1]" "GEN_RD[1]" 4 341, 4 341 0, S_0x5e5cdea232b0;
 .timescale -9 -12;
P_0x5e5cdea24370 .param/l "g" 1 4 341, +C4<01>;
L_0x5e5cdea5df20 .functor BUFZ 32, L_0x5e5cdea5d8a0, C4<00000000000000000000000000000000>, C4<00000000000000000000000000000000>, C4<00000000000000000000000000000000>;
v0x5e5cdea24430_0 .net *"_ivl_1", 31 0, L_0x5e5cdea5d8a0;  1 drivers
L_0x7e5f008647b0 .functor BUFT 1, C4<000>, C4<0>, C4<0>, C4<0>;
v0x5e5cdea24510_0 .net *"_ivl_10", 2 0, L_0x7e5f008647b0;  1 drivers
L_0x7e5f008647f8 .functor BUFT 1, C4<00000000110>, C4<0>, C4<0>, C4<0>;
v0x5e5cdea245f0_0 .net/2u *"_ivl_11", 10 0, L_0x7e5f008647f8;  1 drivers
v0x5e5cdea246b0_0 .net *"_ivl_14", 10 0, L_0x5e5cdea5dba0;  1 drivers
L_0x7e5f00864840 .functor BUFT 1, C4<0>, C4<0>, C4<0>, C4<0>;
v0x5e5cdea24790_0 .net *"_ivl_19", 0 0, L_0x7e5f00864840;  1 drivers
v0x5e5cdea248c0_0 .net *"_ivl_20", 11 0, L_0x5e5cdea5dd40;  1 drivers
L_0x7e5f00864e70 .functor BUFT 1, C4<000000000001>, C4<0>, C4<0>, C4<0>;
v0x5e5cdea249a0_0 .net/2u *"_ivl_24", 11 0, L_0x7e5f00864e70;  1 drivers
v0x5e5cdea24a80_0 .net *"_ivl_25", 11 0, L_0x5e5cdea5de80;  1 drivers
v0x5e5cdea24b60_0 .net *"_ivl_3", 7 0, L_0x5e5cdea5d940;  1 drivers
L_0x7e5f00864768 .functor BUFT 1, C4<0000>, C4<0>, C4<0>, C4<0>;
v0x5e5cdea24c40_0 .net *"_ivl_6", 3 0, L_0x7e5f00864768;  1 drivers
v0x5e5cdea24d20_0 .net *"_ivl_7", 10 0, L_0x5e5cdea5da60;  1 drivers
L_0x5e5cdea5d8a0 .array/port v0x5e5cdea28180, L_0x5e5cdea5de80;
L_0x5e5cdea5d940 .concat [ 4 4 0 0], v0x5e5cdea3aea0_0, L_0x7e5f00864768;
L_0x5e5cdea5da60 .concat [ 8 3 0 0], L_0x5e5cdea5d940, L_0x7e5f008647b0;
L_0x5e5cdea5dba0 .arith/mult 11, L_0x5e5cdea5da60, L_0x7e5f008647f8;
L_0x5e5cdea5dd40 .concat [ 11 1 0 0], L_0x5e5cdea5dba0, L_0x7e5f00864840;
L_0x5e5cdea5de80 .arith/sum 12, L_0x5e5cdea5dd40, L_0x7e5f00864e70;
S_0x5e5cdea24e00 .scope generate, "GEN_RD[2]" "GEN_RD[2]" 4 341, 4 341 0, S_0x5e5cdea232b0;
 .timescale -9 -12;
P_0x5e5cdea24fb0 .param/l "g" 1 4 341, +C4<010>;
L_0x5e5cdea5e750 .functor BUFZ 32, L_0x5e5cdea5e0c0, C4<00000000000000000000000000000000>, C4<00000000000000000000000000000000>, C4<00000000000000000000000000000000>;
v0x5e5cdea25070_0 .net *"_ivl_1", 31 0, L_0x5e5cdea5e0c0;  1 drivers
L_0x7e5f008648d0 .functor BUFT 1, C4<000>, C4<0>, C4<0>, C4<0>;
v0x5e5cdea25150_0 .net *"_ivl_10", 2 0, L_0x7e5f008648d0;  1 drivers
L_0x7e5f00864918 .functor BUFT 1, C4<00000000110>, C4<0>, C4<0>, C4<0>;
v0x5e5cdea25230_0 .net/2u *"_ivl_11", 10 0, L_0x7e5f00864918;  1 drivers
v0x5e5cdea25320_0 .net *"_ivl_14", 10 0, L_0x5e5cdea5e3d0;  1 drivers
L_0x7e5f00864960 .functor BUFT 1, C4<0>, C4<0>, C4<0>, C4<0>;
v0x5e5cdea25400_0 .net *"_ivl_19", 0 0, L_0x7e5f00864960;  1 drivers
v0x5e5cdea25530_0 .net *"_ivl_20", 11 0, L_0x5e5cdea5e570;  1 drivers
L_0x7e5f00864eb8 .functor BUFT 1, C4<000000000010>, C4<0>, C4<0>, C4<0>;
v0x5e5cdea25610_0 .net/2u *"_ivl_24", 11 0, L_0x7e5f00864eb8;  1 drivers
v0x5e5cdea256f0_0 .net *"_ivl_25", 11 0, L_0x5e5cdea5e6b0;  1 drivers
v0x5e5cdea257d0_0 .net *"_ivl_3", 7 0, L_0x5e5cdea5e160;  1 drivers
L_0x7e5f00864888 .functor BUFT 1, C4<0000>, C4<0>, C4<0>, C4<0>;
v0x5e5cdea258b0_0 .net *"_ivl_6", 3 0, L_0x7e5f00864888;  1 drivers
v0x5e5cdea25990_0 .net *"_ivl_7", 10 0, L_0x5e5cdea5e290;  1 drivers
L_0x5e5cdea5e0c0 .array/port v0x5e5cdea28180, L_0x5e5cdea5e6b0;
L_0x5e5cdea5e160 .concat [ 4 4 0 0], v0x5e5cdea3aea0_0, L_0x7e5f00864888;
L_0x5e5cdea5e290 .concat [ 8 3 0 0], L_0x5e5cdea5e160, L_0x7e5f008648d0;
L_0x5e5cdea5e3d0 .arith/mult 11, L_0x5e5cdea5e290, L_0x7e5f00864918;
L_0x5e5cdea5e570 .concat [ 11 1 0 0], L_0x5e5cdea5e3d0, L_0x7e5f00864960;
L_0x5e5cdea5e6b0 .arith/sum 12, L_0x5e5cdea5e570, L_0x7e5f00864eb8;
S_0x5e5cdea25a70 .scope generate, "GEN_RD[3]" "GEN_RD[3]" 4 341, 4 341 0, S_0x5e5cdea232b0;
 .timescale -9 -12;
P_0x5e5cdea25c20 .param/l "g" 1 4 341, +C4<011>;
L_0x5e5cdea5ef40 .functor BUFZ 32, L_0x5e5cdea5e8f0, C4<00000000000000000000000000000000>, C4<00000000000000000000000000000000>, C4<00000000000000000000000000000000>;
v0x5e5cdea25d00_0 .net *"_ivl_1", 31 0, L_0x5e5cdea5e8f0;  1 drivers
L_0x7e5f008649f0 .functor BUFT 1, C4<000>, C4<0>, C4<0>, C4<0>;
v0x5e5cdea25de0_0 .net *"_ivl_10", 2 0, L_0x7e5f008649f0;  1 drivers
L_0x7e5f00864a38 .functor BUFT 1, C4<00000000110>, C4<0>, C4<0>, C4<0>;
v0x5e5cdea25ec0_0 .net/2u *"_ivl_11", 10 0, L_0x7e5f00864a38;  1 drivers
v0x5e5cdea25f80_0 .net *"_ivl_14", 10 0, L_0x5e5cdea5ebc0;  1 drivers
L_0x7e5f00864a80 .functor BUFT 1, C4<0>, C4<0>, C4<0>, C4<0>;
v0x5e5cdea26060_0 .net *"_ivl_19", 0 0, L_0x7e5f00864a80;  1 drivers
v0x5e5cdea26190_0 .net *"_ivl_20", 11 0, L_0x5e5cdea5ed60;  1 drivers
L_0x7e5f00864f00 .functor BUFT 1, C4<000000000011>, C4<0>, C4<0>, C4<0>;
v0x5e5cdea26270_0 .net/2u *"_ivl_24", 11 0, L_0x7e5f00864f00;  1 drivers
v0x5e5cdea26350_0 .net *"_ivl_25", 11 0, L_0x5e5cdea5eea0;  1 drivers
v0x5e5cdea26430_0 .net *"_ivl_3", 7 0, L_0x5e5cdea5e990;  1 drivers
L_0x7e5f008649a8 .functor BUFT 1, C4<0000>, C4<0>, C4<0>, C4<0>;
v0x5e5cdea26510_0 .net *"_ivl_6", 3 0, L_0x7e5f008649a8;  1 drivers
v0x5e5cdea265f0_0 .net *"_ivl_7", 10 0, L_0x5e5cdea5ea80;  1 drivers
L_0x5e5cdea5e8f0 .array/port v0x5e5cdea28180, L_0x5e5cdea5eea0;
L_0x5e5cdea5e990 .concat [ 4 4 0 0], v0x5e5cdea3aea0_0, L_0x7e5f008649a8;
L_0x5e5cdea5ea80 .concat [ 8 3 0 0], L_0x5e5cdea5e990, L_0x7e5f008649f0;
L_0x5e5cdea5ebc0 .arith/mult 11, L_0x5e5cdea5ea80, L_0x7e5f00864a38;
L_0x5e5cdea5ed60 .concat [ 11 1 0 0], L_0x5e5cdea5ebc0, L_0x7e5f00864a80;
L_0x5e5cdea5eea0 .arith/sum 12, L_0x5e5cdea5ed60, L_0x7e5f00864f00;
S_0x5e5cdea266d0 .scope generate, "GEN_RD[4]" "GEN_RD[4]" 4 341, 4 341 0, S_0x5e5cdea232b0;
 .timescale -9 -12;
P_0x5e5cdea268d0 .param/l "g" 1 4 341, +C4<0100>;
L_0x5e5cdea5f730 .functor BUFZ 32, L_0x5e5cdea5f0e0, C4<00000000000000000000000000000000>, C4<00000000000000000000000000000000>, C4<00000000000000000000000000000000>;
v0x5e5cdea269b0_0 .net *"_ivl_1", 31 0, L_0x5e5cdea5f0e0;  1 drivers
L_0x7e5f00864b10 .functor BUFT 1, C4<000>, C4<0>, C4<0>, C4<0>;
v0x5e5cdea26a90_0 .net *"_ivl_10", 2 0, L_0x7e5f00864b10;  1 drivers
L_0x7e5f00864b58 .functor BUFT 1, C4<00000000110>, C4<0>, C4<0>, C4<0>;
v0x5e5cdea26b70_0 .net/2u *"_ivl_11", 10 0, L_0x7e5f00864b58;  1 drivers
v0x5e5cdea26c30_0 .net *"_ivl_14", 10 0, L_0x5e5cdea5f3b0;  1 drivers
L_0x7e5f00864ba0 .functor BUFT 1, C4<0>, C4<0>, C4<0>, C4<0>;
v0x5e5cdea26d10_0 .net *"_ivl_19", 0 0, L_0x7e5f00864ba0;  1 drivers
v0x5e5cdea26e40_0 .net *"_ivl_20", 11 0, L_0x5e5cdea5f550;  1 drivers
L_0x7e5f00864f48 .functor BUFT 1, C4<000000000100>, C4<0>, C4<0>, C4<0>;
v0x5e5cdea26f20_0 .net/2u *"_ivl_24", 11 0, L_0x7e5f00864f48;  1 drivers
v0x5e5cdea27000_0 .net *"_ivl_25", 11 0, L_0x5e5cdea5f690;  1 drivers
v0x5e5cdea270e0_0 .net *"_ivl_3", 7 0, L_0x5e5cdea5f180;  1 drivers
L_0x7e5f00864ac8 .functor BUFT 1, C4<0000>, C4<0>, C4<0>, C4<0>;
v0x5e5cdea271c0_0 .net *"_ivl_6", 3 0, L_0x7e5f00864ac8;  1 drivers
v0x5e5cdea272a0_0 .net *"_ivl_7", 10 0, L_0x5e5cdea5f270;  1 drivers
L_0x5e5cdea5f0e0 .array/port v0x5e5cdea28180, L_0x5e5cdea5f690;
L_0x5e5cdea5f180 .concat [ 4 4 0 0], v0x5e5cdea3aea0_0, L_0x7e5f00864ac8;
L_0x5e5cdea5f270 .concat [ 8 3 0 0], L_0x5e5cdea5f180, L_0x7e5f00864b10;
L_0x5e5cdea5f3b0 .arith/mult 11, L_0x5e5cdea5f270, L_0x7e5f00864b58;
L_0x5e5cdea5f550 .concat [ 11 1 0 0], L_0x5e5cdea5f3b0, L_0x7e5f00864ba0;
L_0x5e5cdea5f690 .arith/sum 12, L_0x5e5cdea5f550, L_0x7e5f00864f48;
S_0x5e5cdea27380 .scope generate, "GEN_RD[5]" "GEN_RD[5]" 4 341, 4 341 0, S_0x5e5cdea232b0;
 .timescale -9 -12;
P_0x5e5cdea27530 .param/l "g" 1 4 341, +C4<0101>;
L_0x5e5cdea5ff20 .functor BUFZ 32, L_0x5e5cdea5f8d0, C4<00000000000000000000000000000000>, C4<00000000000000000000000000000000>, C4<00000000000000000000000000000000>;
v0x5e5cdea27610_0 .net *"_ivl_1", 31 0, L_0x5e5cdea5f8d0;  1 drivers
L_0x7e5f00864c30 .functor BUFT 1, C4<000>, C4<0>, C4<0>, C4<0>;
v0x5e5cdea276f0_0 .net *"_ivl_10", 2 0, L_0x7e5f00864c30;  1 drivers
L_0x7e5f00864c78 .functor BUFT 1, C4<00000000110>, C4<0>, C4<0>, C4<0>;
v0x5e5cdea277d0_0 .net/2u *"_ivl_11", 10 0, L_0x7e5f00864c78;  1 drivers
v0x5e5cdea27890_0 .net *"_ivl_14", 10 0, L_0x5e5cdea5fba0;  1 drivers
L_0x7e5f00864cc0 .functor BUFT 1, C4<0>, C4<0>, C4<0>, C4<0>;
v0x5e5cdea27970_0 .net *"_ivl_19", 0 0, L_0x7e5f00864cc0;  1 drivers
v0x5e5cdea27aa0_0 .net *"_ivl_20", 11 0, L_0x5e5cdea5fd40;  1 drivers
L_0x7e5f00864f90 .functor BUFT 1, C4<000000000101>, C4<0>, C4<0>, C4<0>;
v0x5e5cdea27b80_0 .net/2u *"_ivl_24", 11 0, L_0x7e5f00864f90;  1 drivers
v0x5e5cdea27c60_0 .net *"_ivl_25", 11 0, L_0x5e5cdea5fe80;  1 drivers
v0x5e5cdea27d40_0 .net *"_ivl_3", 7 0, L_0x5e5cdea5f970;  1 drivers
L_0x7e5f00864be8 .functor BUFT 1, C4<0000>, C4<0>, C4<0>, C4<0>;
v0x5e5cdea27e20_0 .net *"_ivl_6", 3 0, L_0x7e5f00864be8;  1 drivers
v0x5e5cdea27f00_0 .net *"_ivl_7", 10 0, L_0x5e5cdea5fa60;  1 drivers
L_0x5e5cdea5f8d0 .array/port v0x5e5cdea28180, L_0x5e5cdea5fe80;
L_0x5e5cdea5f970 .concat [ 4 4 0 0], v0x5e5cdea3aea0_0, L_0x7e5f00864be8;
L_0x5e5cdea5fa60 .concat [ 8 3 0 0], L_0x5e5cdea5f970, L_0x7e5f00864c30;
L_0x5e5cdea5fba0 .arith/mult 11, L_0x5e5cdea5fa60, L_0x7e5f00864c78;
L_0x5e5cdea5fd40 .concat [ 11 1 0 0], L_0x5e5cdea5fba0, L_0x7e5f00864cc0;
L_0x5e5cdea5fe80 .arith/sum 12, L_0x5e5cdea5fd40, L_0x7e5f00864f90;
S_0x5e5cdea28d30 .scope module, "meas_pacc" "pacc_unit" 4 733, 4 269 0, S_0x5e5cde9cd020;
 .timescale -9 -12;
    .port_info 0 /INPUT 1 "clk";
    .port_info 1 /INPUT 1 "rst_n";
    .port_info 2 /INPUT 1 "clear";
    .port_info 3 /INPUT 1 "en";
    .port_info 4 /INPUT 32 "weight";
    .port_info 5 /INPUT 96 "vec_i";
    .port_info 6 /INPUT 96 "mean_i";
    .port_info 7 /OUTPUT 32 "spread_metric";
P_0x5e5cdea28ec0 .param/l "DATA_W" 0 4 270, +C4<00000000000000000000000000100000>;
P_0x5e5cdea28f00 .param/l "FRAC_W" 0 4 271, +C4<00000000000000000000000000010000>;
P_0x5e5cdea28f40 .param/l "N_DIM" 0 4 272, +C4<00000000000000000000000000000011>;
v0x5e5cdea29640_0 .net "clear", 0 0, v0x5e5cdea3ac30_0;  1 drivers
v0x5e5cdea29720_0 .net "clk", 0 0, v0x5e5cdea3ef50_0;  alias, 1 drivers
v0x5e5cdea297e0_0 .var/s "delta_abs_sum", 31 0;
v0x5e5cdea298b0_0 .net "en", 0 0, v0x5e5cdea3ad00_0;  1 drivers
v0x5e5cdea29970_0 .var/i "i", 31 0;
v0x5e5cdea29a50 .array "mean_i", 2 0;
v0x5e5cdea29a50_0 .net/s v0x5e5cdea29a50 0, 31 0, L_0x5e5cdea645f0; 1 drivers
v0x5e5cdea29a50_1 .net/s v0x5e5cdea29a50 1, 31 0, L_0x5e5cdea64690; 1 drivers
v0x5e5cdea29a50_2 .net/s v0x5e5cdea29a50 2, 31 0, L_0x5e5cdea64d90; 1 drivers
v0x5e5cdea29b90_0 .net "rst_n", 0 0, v0x5e5cdea3f990_0;  alias, 1 drivers
v0x5e5cdea29c30_0 .var/s "spread_metric", 31 0;
v0x5e5cdea29d10 .array "vec_i", 2 0;
v0x5e5cdea29d10_0 .net/s v0x5e5cdea29d10 0, 31 0, L_0x5e5cdea64380; 1 drivers
v0x5e5cdea29d10_1 .net/s v0x5e5cdea29d10 1, 31 0, L_0x5e5cdea64470; 1 drivers
v0x5e5cdea29d10_2 .net/s v0x5e5cdea29d10 2, 31 0, L_0x5e5cdea64530; 1 drivers
v0x5e5cdea29ee0_0 .net/s "weight", 31 0, v0x5e5cdea3add0_0;  1 drivers
S_0x5e5cdea29260 .scope autofunction.vec4.u32, "abs_fixed" "abs_fixed" 4 286, 4 286 0, S_0x5e5cdea28d30;
 .timescale -9 -12;
; Variable abs_fixed is vec4 return value of scope S_0x5e5cdea29260
v0x5e5cdea29560_0 .var/s "value", 31 0;
TD_tb_ukf.dut.meas_pacc.abs_fixed ;
    %load/vec4 v0x5e5cdea29560_0;
    %parti/s 1, 31, 6;
    %flag_set/vec4 8;
    %jmp/0 T_1.2, 8;
    %load/vec4 v0x5e5cdea29560_0;
    %inv;
    %pushi/vec4 1, 0, 32;
    %add;
    %jmp/1 T_1.3, 8;
T_1.2 ; End of true expr.
    %load/vec4 v0x5e5cdea29560_0;
    %jmp/0 T_1.3, 8;
 ; End of false expr.
    %blend;
T_1.3;
    %ret/vec4 0, 0, 32;  Assign to abs_fixed (store_vec4_to_lval)
    %end;
S_0x5e5cdea2a0c0 .scope module, "meas_uacc" "uacc_unit" 4 670, 4 225 0, S_0x5e5cde9cd020;
 .timescale -9 -12;
    .port_info 0 /INPUT 1 "clk";
    .port_info 1 /INPUT 1 "rst_n";
    .port_info 2 /INPUT 1 "clear";
    .port_info 3 /INPUT 1 "en";
    .port_info 4 /INPUT 32 "weight_a";
    .port_info 5 /INPUT 32 "weight_b";
    .port_info 6 /INPUT 192 "vec_a";
    .port_info 7 /INPUT 192 "vec_b";
    .port_info 8 /OUTPUT 192 "sum_o";
P_0x5e5cdea2a2e0 .param/l "DATA_W" 0 4 226, +C4<00000000000000000000000000100000>;
P_0x5e5cdea2a320 .param/l "FRAC_W" 0 4 227, +C4<00000000000000000000000000010000>;
P_0x5e5cdea2a360 .param/l "N_DIM" 0 4 228, +C4<00000000000000000000000000000110>;
v0x5e5cdea2b790 .array/s "acc", 5 0, 43 0;
v0x5e5cdea2b950_0 .net "clear", 0 0, v0x5e5cdea3a7b0_0;  1 drivers
v0x5e5cdea2ba10_0 .net "clk", 0 0, v0x5e5cdea3ef50_0;  alias, 1 drivers
v0x5e5cdea2bab0_0 .net "en", 0 0, v0x5e5cdea3a880_0;  1 drivers
v0x5e5cdea2bb50_0 .var/i "i", 31 0;
v0x5e5cdea2bc80_0 .net "rst_n", 0 0, v0x5e5cdea3f990_0;  alias, 1 drivers
v0x5e5cdea2bd20 .array "sum_o", 5 0;
v0x5e5cdea2bd20_0 .net/s v0x5e5cdea2bd20 0, 31 0, L_0x5e5cdea45870; 1 drivers
v0x5e5cdea2bd20_1 .net/s v0x5e5cdea2bd20 1, 31 0, L_0x5e5cdea45940; 1 drivers
v0x5e5cdea2bd20_2 .net/s v0x5e5cdea2bd20 2, 31 0, L_0x5e5cdea45a40; 1 drivers
v0x5e5cdea2bd20_3 .net/s v0x5e5cdea2bd20 3, 31 0, L_0x5e5cdea45b40; 1 drivers
v0x5e5cdea2bd20_4 .net/s v0x5e5cdea2bd20 4, 31 0, L_0x5e5cdea45c40; 1 drivers
v0x5e5cdea2bd20_5 .net/s v0x5e5cdea2bd20 5, 31 0, L_0x5e5cdea45d40; 1 drivers
v0x5e5cdea2bee0 .array "vec_a", 5 0;
v0x5e5cdea2bee0_0 .net/s v0x5e5cdea2bee0 0, 31 0, L_0x5e5cdea45e40; 1 drivers
v0x5e5cdea2bee0_1 .net/s v0x5e5cdea2bee0 1, 31 0, L_0x5e5cdea45ee0; 1 drivers
v0x5e5cdea2bee0_2 .net/s v0x5e5cdea2bee0 2, 31 0, L_0x5e5cdea461b0; 1 drivers
v0x5e5cdea2bee0_3 .net/s v0x5e5cdea2bee0 3, 31 0, L_0x5e5cdea46250; 1 drivers
v0x5e5cdea2bee0_4 .net/s v0x5e5cdea2bee0 4, 31 0, L_0x5e5cdea46530; 1 drivers
v0x5e5cdea2bee0_5 .net/s v0x5e5cdea2bee0 5, 31 0, L_0x5e5cdea465d0; 1 drivers
v0x5e5cdea2c0a0 .array "vec_b", 5 0;
v0x5e5cdea2c0a0_0 .net/s v0x5e5cdea2c0a0 0, 31 0, L_0x5e5cdea468c0; 1 drivers
v0x5e5cdea2c0a0_1 .net/s v0x5e5cdea2c0a0 1, 31 0, L_0x5e5cdea46960; 1 drivers
v0x5e5cdea2c0a0_2 .net/s v0x5e5cdea2c0a0 2, 31 0, L_0x5e5cdea46c60; 1 drivers
v0x5e5cdea2c0a0_3 .net/s v0x5e5cdea2c0a0 3, 31 0, L_0x5e5cdea46d00; 1 drivers
v0x5e5cdea2c0a0_4 .net/s v0x5e5cdea2c0a0 4, 31 0, L_0x5e5cdea47010; 1 drivers
v0x5e5cdea2c0a0_5 .net/s v0x5e5cdea2c0a0 5, 31 0, L_0x5e5cdea470b0; 1 drivers
v0x5e5cdea2c2f0_0 .net/s "weight_a", 31 0, v0x5e5cdea3b320_0;  1 drivers
v0x5e5cdea2c3d0_0 .net/s "weight_b", 31 0, v0x5e5cdea3b3f0_0;  1 drivers
S_0x5e5cdea2a670 .scope generate, "GEN_ACC_OUT[0]" "GEN_ACC_OUT[0]" 4 263, 4 263 0, S_0x5e5cdea2a0c0;
 .timescale -9 -12;
P_0x5e5cdea2a890 .param/l "g" 1 4 263, +C4<00>;
v0x5e5cdea2b790_0 .array/port v0x5e5cdea2b790, 0;
L_0x5e5cdea45870 .part v0x5e5cdea2b790_0, 0, 32;
S_0x5e5cdea2a970 .scope generate, "GEN_ACC_OUT[1]" "GEN_ACC_OUT[1]" 4 263, 4 263 0, S_0x5e5cdea2a0c0;
 .timescale -9 -12;
P_0x5e5cdea2ab70 .param/l "g" 1 4 263, +C4<01>;
v0x5e5cdea2b790_1 .array/port v0x5e5cdea2b790, 1;
L_0x5e5cdea45940 .part v0x5e5cdea2b790_1, 0, 32;
S_0x5e5cdea2ac30 .scope generate, "GEN_ACC_OUT[2]" "GEN_ACC_OUT[2]" 4 263, 4 263 0, S_0x5e5cdea2a0c0;
 .timescale -9 -12;
P_0x5e5cdea2ae40 .param/l "g" 1 4 263, +C4<010>;
v0x5e5cdea2b790_2 .array/port v0x5e5cdea2b790, 2;
L_0x5e5cdea45a40 .part v0x5e5cdea2b790_2, 0, 32;
S_0x5e5cdea2af00 .scope generate, "GEN_ACC_OUT[3]" "GEN_ACC_OUT[3]" 4 263, 4 263 0, S_0x5e5cdea2a0c0;
 .timescale -9 -12;
P_0x5e5cdea2b0e0 .param/l "g" 1 4 263, +C4<011>;
v0x5e5cdea2b790_3 .array/port v0x5e5cdea2b790, 3;
L_0x5e5cdea45b40 .part v0x5e5cdea2b790_3, 0, 32;
S_0x5e5cdea2b1c0 .scope generate, "GEN_ACC_OUT[4]" "GEN_ACC_OUT[4]" 4 263, 4 263 0, S_0x5e5cdea2a0c0;
 .timescale -9 -12;
P_0x5e5cdea2b3f0 .param/l "g" 1 4 263, +C4<0100>;
v0x5e5cdea2b790_4 .array/port v0x5e5cdea2b790, 4;
L_0x5e5cdea45c40 .part v0x5e5cdea2b790_4, 0, 32;
S_0x5e5cdea2b4d0 .scope generate, "GEN_ACC_OUT[5]" "GEN_ACC_OUT[5]" 4 263, 4 263 0, S_0x5e5cdea2a0c0;
 .timescale -9 -12;
P_0x5e5cdea2b6b0 .param/l "g" 1 4 263, +C4<0101>;
v0x5e5cdea2b790_5 .array/port v0x5e5cdea2b790, 5;
L_0x5e5cdea45d40 .part v0x5e5cdea2b790_5, 0, 32;
S_0x5e5cdea2c5d0 .scope module, "pred_buffer" "sigma_buffer" 4 686, 4 308 0, S_0x5e5cde9cd020;
 .timescale -9 -12;
    .port_info 0 /INPUT 1 "clk";
    .port_info 1 /INPUT 1 "wr_en0";
    .port_info 2 /INPUT 4 "wr_addr0";
    .port_info 3 /INPUT 192 "wr_vec0";
    .port_info 4 /INPUT 1 "wr_en1";
    .port_info 5 /INPUT 4 "wr_addr1";
    .port_info 6 /INPUT 192 "wr_vec1";
    .port_info 7 /INPUT 4 "rd_addr";
    .port_info 8 /OUTPUT 192 "rd_vec";
P_0x5e5cdea2c760 .param/l "DATA_W" 0 4 309, +C4<00000000000000000000000000100000>;
P_0x5e5cdea2c7a0 .param/l "DEPTH" 0 4 311, +C4<00000000000000000000000000000000000000000000000000000000000001101>;
P_0x5e5cdea2c7e0 .param/l "N_DIM" 0 4 310, +C4<00000000000000000000000000000110>;
v0x5e5cdea31560_0 .net "clk", 0 0, v0x5e5cdea3ef50_0;  alias, 1 drivers
v0x5e5cdea31620_0 .var/i "i", 31 0;
v0x5e5cdea31700 .array/s "mem", 77 0, 31 0;
v0x5e5cdea317a0_0 .net "rd_addr", 3 0, v0x5e5cdea3bf50_0;  1 drivers
v0x5e5cdea31880 .array "rd_vec", 5 0;
v0x5e5cdea31880_0 .net/s v0x5e5cdea31880 0, 31 0, L_0x5e5cdea34d20; 1 drivers
v0x5e5cdea31880_1 .net/s v0x5e5cdea31880 1, 31 0, L_0x5e5cdea588d0; 1 drivers
v0x5e5cdea31880_2 .net/s v0x5e5cdea31880 2, 31 0, L_0x5e5cdea59050; 1 drivers
v0x5e5cdea31880_3 .net/s v0x5e5cdea31880 3, 31 0, L_0x5e5cdea59840; 1 drivers
v0x5e5cdea31880_4 .net/s v0x5e5cdea31880 4, 31 0, L_0x5e5cdea5a030; 1 drivers
v0x5e5cdea31880_5 .net/s v0x5e5cdea31880 5, 31 0, L_0x5e5cdea5a820; 1 drivers
v0x5e5cdea31a40_0 .net "wr_addr0", 3 0, v0x5e5cdea3c250_0;  1 drivers
v0x5e5cdea31b20_0 .net "wr_addr1", 3 0, v0x5e5cdea3c320_0;  1 drivers
v0x5e5cdea31c00_0 .net "wr_en0", 0 0, v0x5e5cdea3bb40_0;  1 drivers
v0x5e5cdea31cc0_0 .net "wr_en1", 0 0, v0x5e5cdea3bc10_0;  1 drivers
v0x5e5cdea31e10 .array "wr_vec0", 5 0;
v0x5e5cdea31e10_0 .net/s v0x5e5cdea31e10 0, 31 0, L_0x5e5cdea5a9c0; 1 drivers
v0x5e5cdea31e10_1 .net/s v0x5e5cdea31e10 1, 31 0, L_0x5e5cdea5aa30; 1 drivers
v0x5e5cdea31e10_2 .net/s v0x5e5cdea31e10 2, 31 0, L_0x5e5cdea5adf0; 1 drivers
v0x5e5cdea31e10_3 .net/s v0x5e5cdea31e10 3, 31 0, L_0x5e5cdea5aef0; 1 drivers
v0x5e5cdea31e10_4 .net/s v0x5e5cdea31e10 4, 31 0, L_0x5e5cdea5b2c0; 1 drivers
v0x5e5cdea31e10_5 .net/s v0x5e5cdea31e10 5, 31 0, L_0x5e5cdea5b3f0; 1 drivers
v0x5e5cdea31fd0 .array "wr_vec1", 5 0;
v0x5e5cdea31fd0_0 .net/s v0x5e5cdea31fd0 0, 31 0, L_0x5e5cdea5b800; 1 drivers
v0x5e5cdea31fd0_1 .net/s v0x5e5cdea31fd0 1, 31 0, L_0x5e5cdea5b930; 1 drivers
v0x5e5cdea31fd0_2 .net/s v0x5e5cdea31fd0 2, 31 0, L_0x5e5cdea5bd50; 1 drivers
v0x5e5cdea31fd0_3 .net/s v0x5e5cdea31fd0 3, 31 0, L_0x5e5cdea5be80; 1 drivers
v0x5e5cdea31fd0_4 .net/s v0x5e5cdea31fd0 4, 31 0, L_0x5e5cdea5c2b0; 1 drivers
v0x5e5cdea31fd0_5 .net/s v0x5e5cdea31fd0 5, 31 0, L_0x5e5cdea5c3e0; 1 drivers
S_0x5e5cdea2cb10 .scope generate, "GEN_RD[0]" "GEN_RD[0]" 4 341, 4 341 0, S_0x5e5cdea2c5d0;
 .timescale -9 -12;
P_0x5e5cdea2cd30 .param/l "g" 1 4 341, +C4<00>;
L_0x5e5cdea34d20 .functor BUFZ 32, L_0x5e5cdea48060, C4<00000000000000000000000000000000>, C4<00000000000000000000000000000000>, C4<00000000000000000000000000000000>;
v0x5e5cdea2ce10_0 .net *"_ivl_1", 31 0, L_0x5e5cdea48060;  1 drivers
L_0x7e5f00864060 .functor BUFT 1, C4<000>, C4<0>, C4<0>, C4<0>;
v0x5e5cdea2cef0_0 .net *"_ivl_10", 2 0, L_0x7e5f00864060;  1 drivers
L_0x7e5f008640a8 .functor BUFT 1, C4<00000000110>, C4<0>, C4<0>, C4<0>;
v0x5e5cdea2cfd0_0 .net/2u *"_ivl_11", 10 0, L_0x7e5f008640a8;  1 drivers
v0x5e5cdea2d0c0_0 .net *"_ivl_14", 10 0, L_0x5e5cdea22e90;  1 drivers
v0x5e5cdea2d1a0_0 .net *"_ivl_3", 7 0, L_0x5e5cdea48130;  1 drivers
L_0x7e5f00864018 .functor BUFT 1, C4<0000>, C4<0>, C4<0>, C4<0>;
v0x5e5cdea2d2d0_0 .net *"_ivl_6", 3 0, L_0x7e5f00864018;  1 drivers
v0x5e5cdea2d3b0_0 .net *"_ivl_7", 10 0, L_0x5e5cdea36b30;  1 drivers
L_0x5e5cdea48060 .array/port v0x5e5cdea31700, L_0x5e5cdea22e90;
L_0x5e5cdea48130 .concat [ 4 4 0 0], v0x5e5cdea3bf50_0, L_0x7e5f00864018;
L_0x5e5cdea36b30 .concat [ 8 3 0 0], L_0x5e5cdea48130, L_0x7e5f00864060;
L_0x5e5cdea22e90 .arith/mult 11, L_0x5e5cdea36b30, L_0x7e5f008640a8;
S_0x5e5cdea2d490 .scope generate, "GEN_RD[1]" "GEN_RD[1]" 4 341, 4 341 0, S_0x5e5cdea2c5d0;
 .timescale -9 -12;
P_0x5e5cdea2d6b0 .param/l "g" 1 4 341, +C4<01>;
L_0x5e5cdea588d0 .functor BUFZ 32, L_0x5e5cdea58260, C4<00000000000000000000000000000000>, C4<00000000000000000000000000000000>, C4<00000000000000000000000000000000>;
v0x5e5cdea2d770_0 .net *"_ivl_1", 31 0, L_0x5e5cdea58260;  1 drivers
L_0x7e5f00864138 .functor BUFT 1, C4<000>, C4<0>, C4<0>, C4<0>;
v0x5e5cdea2d850_0 .net *"_ivl_10", 2 0, L_0x7e5f00864138;  1 drivers
L_0x7e5f00864180 .functor BUFT 1, C4<00000000110>, C4<0>, C4<0>, C4<0>;
v0x5e5cdea2d930_0 .net/2u *"_ivl_11", 10 0, L_0x7e5f00864180;  1 drivers
v0x5e5cdea2d9f0_0 .net *"_ivl_14", 10 0, L_0x5e5cdea58580;  1 drivers
L_0x7e5f008641c8 .functor BUFT 1, C4<0>, C4<0>, C4<0>, C4<0>;
v0x5e5cdea2dad0_0 .net *"_ivl_19", 0 0, L_0x7e5f008641c8;  1 drivers
v0x5e5cdea2dc00_0 .net *"_ivl_20", 11 0, L_0x5e5cdea586f0;  1 drivers
L_0x7e5f00864d08 .functor BUFT 1, C4<000000000001>, C4<0>, C4<0>, C4<0>;
v0x5e5cdea2dce0_0 .net/2u *"_ivl_24", 11 0, L_0x7e5f00864d08;  1 drivers
v0x5e5cdea2ddc0_0 .net *"_ivl_25", 11 0, L_0x5e5cdea58830;  1 drivers
v0x5e5cdea2dea0_0 .net *"_ivl_3", 7 0, L_0x5e5cdea58300;  1 drivers
L_0x7e5f008640f0 .functor BUFT 1, C4<0000>, C4<0>, C4<0>, C4<0>;
v0x5e5cdea2df80_0 .net *"_ivl_6", 3 0, L_0x7e5f008640f0;  1 drivers
v0x5e5cdea2e060_0 .net *"_ivl_7", 10 0, L_0x5e5cdea583f0;  1 drivers
L_0x5e5cdea58260 .array/port v0x5e5cdea31700, L_0x5e5cdea58830;
L_0x5e5cdea58300 .concat [ 4 4 0 0], v0x5e5cdea3bf50_0, L_0x7e5f008640f0;
L_0x5e5cdea583f0 .concat [ 8 3 0 0], L_0x5e5cdea58300, L_0x7e5f00864138;
L_0x5e5cdea58580 .arith/mult 11, L_0x5e5cdea583f0, L_0x7e5f00864180;
L_0x5e5cdea586f0 .concat [ 11 1 0 0], L_0x5e5cdea58580, L_0x7e5f008641c8;
L_0x5e5cdea58830 .arith/sum 12, L_0x5e5cdea586f0, L_0x7e5f00864d08;
S_0x5e5cdea2e140 .scope generate, "GEN_RD[2]" "GEN_RD[2]" 4 341, 4 341 0, S_0x5e5cdea2c5d0;
 .timescale -9 -12;
P_0x5e5cdea2e2f0 .param/l "g" 1 4 341, +C4<010>;
L_0x5e5cdea59050 .functor BUFZ 32, L_0x5e5cdea58a70, C4<00000000000000000000000000000000>, C4<00000000000000000000000000000000>, C4<00000000000000000000000000000000>;
v0x5e5cdea2e3b0_0 .net *"_ivl_1", 31 0, L_0x5e5cdea58a70;  1 drivers
L_0x7e5f00864258 .functor BUFT 1, C4<000>, C4<0>, C4<0>, C4<0>;
v0x5e5cdea2e490_0 .net *"_ivl_10", 2 0, L_0x7e5f00864258;  1 drivers
L_0x7e5f008642a0 .functor BUFT 1, C4<00000000110>, C4<0>, C4<0>, C4<0>;
v0x5e5cdea2e570_0 .net/2u *"_ivl_11", 10 0, L_0x7e5f008642a0;  1 drivers
v0x5e5cdea2e660_0 .net *"_ivl_14", 10 0, L_0x5e5cdea58d20;  1 drivers
L_0x7e5f008642e8 .functor BUFT 1, C4<0>, C4<0>, C4<0>, C4<0>;
v0x5e5cdea2e740_0 .net *"_ivl_19", 0 0, L_0x7e5f008642e8;  1 drivers
v0x5e5cdea2e870_0 .net *"_ivl_20", 11 0, L_0x5e5cdea58e70;  1 drivers
L_0x7e5f00864d50 .functor BUFT 1, C4<000000000010>, C4<0>, C4<0>, C4<0>;
v0x5e5cdea2e950_0 .net/2u *"_ivl_24", 11 0, L_0x7e5f00864d50;  1 drivers
v0x5e5cdea2ea30_0 .net *"_ivl_25", 11 0, L_0x5e5cdea58fb0;  1 drivers
v0x5e5cdea2eb10_0 .net *"_ivl_3", 7 0, L_0x5e5cdea58b10;  1 drivers
L_0x7e5f00864210 .functor BUFT 1, C4<0000>, C4<0>, C4<0>, C4<0>;
v0x5e5cdea2ec80_0 .net *"_ivl_6", 3 0, L_0x7e5f00864210;  1 drivers
v0x5e5cdea2ed60_0 .net *"_ivl_7", 10 0, L_0x5e5cdea58be0;  1 drivers
L_0x5e5cdea58a70 .array/port v0x5e5cdea31700, L_0x5e5cdea58fb0;
L_0x5e5cdea58b10 .concat [ 4 4 0 0], v0x5e5cdea3bf50_0, L_0x7e5f00864210;
L_0x5e5cdea58be0 .concat [ 8 3 0 0], L_0x5e5cdea58b10, L_0x7e5f00864258;
L_0x5e5cdea58d20 .arith/mult 11, L_0x5e5cdea58be0, L_0x7e5f008642a0;
L_0x5e5cdea58e70 .concat [ 11 1 0 0], L_0x5e5cdea58d20, L_0x7e5f008642e8;
L_0x5e5cdea58fb0 .arith/sum 12, L_0x5e5cdea58e70, L_0x7e5f00864d50;
S_0x5e5cdea2ee40 .scope generate, "GEN_RD[3]" "GEN_RD[3]" 4 341, 4 341 0, S_0x5e5cdea2c5d0;
 .timescale -9 -12;
P_0x5e5cdea2eff0 .param/l "g" 1 4 341, +C4<011>;
L_0x5e5cdea59840 .functor BUFZ 32, L_0x5e5cdea591f0, C4<00000000000000000000000000000000>, C4<00000000000000000000000000000000>, C4<00000000000000000000000000000000>;
v0x5e5cdea2f0d0_0 .net *"_ivl_1", 31 0, L_0x5e5cdea591f0;  1 drivers
L_0x7e5f00864378 .functor BUFT 1, C4<000>, C4<0>, C4<0>, C4<0>;
v0x5e5cdea2f1b0_0 .net *"_ivl_10", 2 0, L_0x7e5f00864378;  1 drivers
L_0x7e5f008643c0 .functor BUFT 1, C4<00000000110>, C4<0>, C4<0>, C4<0>;
v0x5e5cdea2f290_0 .net/2u *"_ivl_11", 10 0, L_0x7e5f008643c0;  1 drivers
v0x5e5cdea2f350_0 .net *"_ivl_14", 10 0, L_0x5e5cdea594c0;  1 drivers
L_0x7e5f00864408 .functor BUFT 1, C4<0>, C4<0>, C4<0>, C4<0>;
v0x5e5cdea2f430_0 .net *"_ivl_19", 0 0, L_0x7e5f00864408;  1 drivers
v0x5e5cdea2f560_0 .net *"_ivl_20", 11 0, L_0x5e5cdea59660;  1 drivers
L_0x7e5f00864d98 .functor BUFT 1, C4<000000000011>, C4<0>, C4<0>, C4<0>;
v0x5e5cdea2f640_0 .net/2u *"_ivl_24", 11 0, L_0x7e5f00864d98;  1 drivers
v0x5e5cdea2f720_0 .net *"_ivl_25", 11 0, L_0x5e5cdea597a0;  1 drivers
v0x5e5cdea2f800_0 .net *"_ivl_3", 7 0, L_0x5e5cdea59290;  1 drivers
L_0x7e5f00864330 .functor BUFT 1, C4<0000>, C4<0>, C4<0>, C4<0>;
v0x5e5cdea2f970_0 .net *"_ivl_6", 3 0, L_0x7e5f00864330;  1 drivers
v0x5e5cdea2fa50_0 .net *"_ivl_7", 10 0, L_0x5e5cdea59380;  1 drivers
L_0x5e5cdea591f0 .array/port v0x5e5cdea31700, L_0x5e5cdea597a0;
L_0x5e5cdea59290 .concat [ 4 4 0 0], v0x5e5cdea3bf50_0, L_0x7e5f00864330;
L_0x5e5cdea59380 .concat [ 8 3 0 0], L_0x5e5cdea59290, L_0x7e5f00864378;
L_0x5e5cdea594c0 .arith/mult 11, L_0x5e5cdea59380, L_0x7e5f008643c0;
L_0x5e5cdea59660 .concat [ 11 1 0 0], L_0x5e5cdea594c0, L_0x7e5f00864408;
L_0x5e5cdea597a0 .arith/sum 12, L_0x5e5cdea59660, L_0x7e5f00864d98;
S_0x5e5cdea2fb30 .scope generate, "GEN_RD[4]" "GEN_RD[4]" 4 341, 4 341 0, S_0x5e5cdea2c5d0;
 .timescale -9 -12;
P_0x5e5cdea2fd30 .param/l "g" 1 4 341, +C4<0100>;
L_0x5e5cdea5a030 .functor BUFZ 32, L_0x5e5cdea599e0, C4<00000000000000000000000000000000>, C4<00000000000000000000000000000000>, C4<00000000000000000000000000000000>;
v0x5e5cdea2fe10_0 .net *"_ivl_1", 31 0, L_0x5e5cdea599e0;  1 drivers
L_0x7e5f00864498 .functor BUFT 1, C4<000>, C4<0>, C4<0>, C4<0>;
v0x5e5cdea2fef0_0 .net *"_ivl_10", 2 0, L_0x7e5f00864498;  1 drivers
L_0x7e5f008644e0 .functor BUFT 1, C4<00000000110>, C4<0>, C4<0>, C4<0>;
v0x5e5cdea2ffd0_0 .net/2u *"_ivl_11", 10 0, L_0x7e5f008644e0;  1 drivers
v0x5e5cdea30090_0 .net *"_ivl_14", 10 0, L_0x5e5cdea59cb0;  1 drivers
L_0x7e5f00864528 .functor BUFT 1, C4<0>, C4<0>, C4<0>, C4<0>;
v0x5e5cdea30170_0 .net *"_ivl_19", 0 0, L_0x7e5f00864528;  1 drivers
v0x5e5cdea302a0_0 .net *"_ivl_20", 11 0, L_0x5e5cdea59e50;  1 drivers
L_0x7e5f00864de0 .functor BUFT 1, C4<000000000100>, C4<0>, C4<0>, C4<0>;
v0x5e5cdea30380_0 .net/2u *"_ivl_24", 11 0, L_0x7e5f00864de0;  1 drivers
v0x5e5cdea30460_0 .net *"_ivl_25", 11 0, L_0x5e5cdea59f90;  1 drivers
v0x5e5cdea30540_0 .net *"_ivl_3", 7 0, L_0x5e5cdea59a80;  1 drivers
L_0x7e5f00864450 .functor BUFT 1, C4<0000>, C4<0>, C4<0>, C4<0>;
v0x5e5cdea306b0_0 .net *"_ivl_6", 3 0, L_0x7e5f00864450;  1 drivers
v0x5e5cdea30790_0 .net *"_ivl_7", 10 0, L_0x5e5cdea59b70;  1 drivers
L_0x5e5cdea599e0 .array/port v0x5e5cdea31700, L_0x5e5cdea59f90;
L_0x5e5cdea59a80 .concat [ 4 4 0 0], v0x5e5cdea3bf50_0, L_0x7e5f00864450;
L_0x5e5cdea59b70 .concat [ 8 3 0 0], L_0x5e5cdea59a80, L_0x7e5f00864498;
L_0x5e5cdea59cb0 .arith/mult 11, L_0x5e5cdea59b70, L_0x7e5f008644e0;
L_0x5e5cdea59e50 .concat [ 11 1 0 0], L_0x5e5cdea59cb0, L_0x7e5f00864528;
L_0x5e5cdea59f90 .arith/sum 12, L_0x5e5cdea59e50, L_0x7e5f00864de0;
S_0x5e5cdea30870 .scope generate, "GEN_RD[5]" "GEN_RD[5]" 4 341, 4 341 0, S_0x5e5cdea2c5d0;
 .timescale -9 -12;
P_0x5e5cdea30a20 .param/l "g" 1 4 341, +C4<0101>;
L_0x5e5cdea5a820 .functor BUFZ 32, L_0x5e5cdea5a1d0, C4<00000000000000000000000000000000>, C4<00000000000000000000000000000000>, C4<00000000000000000000000000000000>;
v0x5e5cdea30b00_0 .net *"_ivl_1", 31 0, L_0x5e5cdea5a1d0;  1 drivers
L_0x7e5f008645b8 .functor BUFT 1, C4<000>, C4<0>, C4<0>, C4<0>;
v0x5e5cdea30be0_0 .net *"_ivl_10", 2 0, L_0x7e5f008645b8;  1 drivers
L_0x7e5f00864600 .functor BUFT 1, C4<00000000110>, C4<0>, C4<0>, C4<0>;
v0x5e5cdea30cc0_0 .net/2u *"_ivl_11", 10 0, L_0x7e5f00864600;  1 drivers
v0x5e5cdea30d80_0 .net *"_ivl_14", 10 0, L_0x5e5cdea5a4a0;  1 drivers
L_0x7e5f00864648 .functor BUFT 1, C4<0>, C4<0>, C4<0>, C4<0>;
v0x5e5cdea30e60_0 .net *"_ivl_19", 0 0, L_0x7e5f00864648;  1 drivers
v0x5e5cdea30f90_0 .net *"_ivl_20", 11 0, L_0x5e5cdea5a640;  1 drivers
L_0x7e5f00864e28 .functor BUFT 1, C4<000000000101>, C4<0>, C4<0>, C4<0>;
v0x5e5cdea31070_0 .net/2u *"_ivl_24", 11 0, L_0x7e5f00864e28;  1 drivers
v0x5e5cdea31150_0 .net *"_ivl_25", 11 0, L_0x5e5cdea5a780;  1 drivers
v0x5e5cdea31230_0 .net *"_ivl_3", 7 0, L_0x5e5cdea5a270;  1 drivers
L_0x7e5f00864570 .functor BUFT 1, C4<0000>, C4<0>, C4<0>, C4<0>;
v0x5e5cdea313a0_0 .net *"_ivl_6", 3 0, L_0x7e5f00864570;  1 drivers
v0x5e5cdea31480_0 .net *"_ivl_7", 10 0, L_0x5e5cdea5a360;  1 drivers
L_0x5e5cdea5a1d0 .array/port v0x5e5cdea31700, L_0x5e5cdea5a780;
L_0x5e5cdea5a270 .concat [ 4 4 0 0], v0x5e5cdea3bf50_0, L_0x7e5f00864570;
L_0x5e5cdea5a360 .concat [ 8 3 0 0], L_0x5e5cdea5a270, L_0x7e5f008645b8;
L_0x5e5cdea5a4a0 .arith/mult 11, L_0x5e5cdea5a360, L_0x7e5f00864600;
L_0x5e5cdea5a640 .concat [ 11 1 0 0], L_0x5e5cdea5a4a0, L_0x7e5f00864648;
L_0x5e5cdea5a780 .arith/sum 12, L_0x5e5cdea5a640, L_0x7e5f00864e28;
S_0x5e5cdea322b0 .scope module, "pred_pacc" "pacc_unit" 4 718, 4 269 0, S_0x5e5cde9cd020;
 .timescale -9 -12;
    .port_info 0 /INPUT 1 "clk";
    .port_info 1 /INPUT 1 "rst_n";
    .port_info 2 /INPUT 1 "clear";
    .port_info 3 /INPUT 1 "en";
    .port_info 4 /INPUT 32 "weight";
    .port_info 5 /INPUT 192 "vec_i";
    .port_info 6 /INPUT 192 "mean_i";
    .port_info 7 /OUTPUT 32 "spread_metric";
P_0x5e5cdea32440 .param/l "DATA_W" 0 4 270, +C4<00000000000000000000000000100000>;
P_0x5e5cdea32480 .param/l "FRAC_W" 0 4 271, +C4<00000000000000000000000000010000>;
P_0x5e5cdea324c0 .param/l "N_DIM" 0 4 272, +C4<00000000000000000000000000000110>;
v0x5e5cdea32bc0_0 .net "clear", 0 0, v0x5e5cdea3bce0_0;  1 drivers
v0x5e5cdea32ca0_0 .net "clk", 0 0, v0x5e5cdea3ef50_0;  alias, 1 drivers
v0x5e5cdea32d60_0 .var/s "delta_abs_sum", 31 0;
v0x5e5cdea32e30_0 .net "en", 0 0, v0x5e5cdea3bdb0_0;  1 drivers
v0x5e5cdea32ef0_0 .var/i "i", 31 0;
v0x5e5cdea33020 .array "mean_i", 5 0;
v0x5e5cdea33020_0 .net/s v0x5e5cdea33020 0, 31 0, L_0x5e5cdea63d50; 1 drivers
v0x5e5cdea33020_1 .net/s v0x5e5cdea33020 1, 31 0, L_0x5e5cdea63dc0; 1 drivers
v0x5e5cdea33020_2 .net/s v0x5e5cdea33020 2, 31 0, L_0x5e5cdea64240; 1 drivers
v0x5e5cdea33020_3 .net/s v0x5e5cdea33020 3, 31 0, L_0x5e5cdea642b0; 1 drivers
v0x5e5cdea33020_4 .net/s v0x5e5cdea33020 4, 31 0, L_0x5e5cdea647a0; 1 drivers
v0x5e5cdea33020_5 .net/s v0x5e5cdea33020 5, 31 0, L_0x5e5cdea64870; 1 drivers
v0x5e5cdea331e0_0 .net "rst_n", 0 0, v0x5e5cdea3f990_0;  alias, 1 drivers
v0x5e5cdea33280_0 .var/s "spread_metric", 31 0;
v0x5e5cdea33360 .array "vec_i", 5 0;
v0x5e5cdea33360_0 .net/s v0x5e5cdea33360 0, 31 0, L_0x5e5cdea62d00; 1 drivers
v0x5e5cdea33360_1 .net/s v0x5e5cdea33360 1, 31 0, L_0x5e5cdea62dc0; 1 drivers
v0x5e5cdea33360_2 .net/s v0x5e5cdea33360 2, 31 0, L_0x5e5cdea63260; 1 drivers
v0x5e5cdea33360_3 .net/s v0x5e5cdea33360 3, 31 0, L_0x5e5cdea63320; 1 drivers
v0x5e5cdea33360_4 .net/s v0x5e5cdea33360 4, 31 0, L_0x5e5cdea637d0; 1 drivers
v0x5e5cdea33360_5 .net/s v0x5e5cdea33360 5, 31 0, L_0x5e5cdea63890; 1 drivers
v0x5e5cdea33520_0 .net/s "weight", 31 0, v0x5e5cdea3be80_0;  1 drivers
S_0x5e5cdea327e0 .scope autofunction.vec4.u32, "abs_fixed" "abs_fixed" 4 286, 4 286 0, S_0x5e5cdea322b0;
 .timescale -9 -12;
; Variable abs_fixed is vec4 return value of scope S_0x5e5cdea327e0
v0x5e5cdea32ae0_0 .var/s "value", 31 0;
TD_tb_ukf.dut.pred_pacc.abs_fixed ;
    %load/vec4 v0x5e5cdea32ae0_0;
    %parti/s 1, 31, 6;
    %flag_set/vec4 8;
    %jmp/0 T_2.4, 8;
    %load/vec4 v0x5e5cdea32ae0_0;
    %inv;
    %pushi/vec4 1, 0, 32;
    %add;
    %jmp/1 T_2.5, 8;
T_2.4 ; End of true expr.
    %load/vec4 v0x5e5cdea32ae0_0;
    %jmp/0 T_2.5, 8;
 ; End of false expr.
    %blend;
T_2.5;
    %ret/vec4 0, 0, 32;  Assign to abs_fixed (store_vec4_to_lval)
    %end;
S_0x5e5cdea33700 .scope module, "qr_inst" "qr_unit" 4 746, 4 347 0, S_0x5e5cde9cd020;
 .timescale -9 -12;
    .port_info 0 /INPUT 1 "clk";
    .port_info 1 /INPUT 1 "rst_n";
    .port_info 2 /INPUT 1 "start";
    .port_info 3 /INPUT 32 "spread_metric";
    .port_info 4 /OUTPUT 1 "done";
    .port_info 5 /OUTPUT 32 "qr_factor";
P_0x5e5cdea33890 .param/l "DATA_W" 0 4 348, +C4<00000000000000000000000000100000>;
v0x5e5cdea33aa0_0 .net "clk", 0 0, v0x5e5cdea3ef50_0;  alias, 1 drivers
v0x5e5cdea33b60_0 .var "done", 0 0;
v0x5e5cdea33c20_0 .var "latency", 1 0;
v0x5e5cdea33d10_0 .var/s "qr_factor", 31 0;
v0x5e5cdea33e00_0 .net "rst_n", 0 0, v0x5e5cdea3f990_0;  alias, 1 drivers
v0x5e5cdea33ef0_0 .net/s "spread_metric", 31 0, v0x5e5cdea3c620_0;  1 drivers
v0x5e5cdea33fb0_0 .net "start", 0 0, v0x5e5cdea3c6e0_0;  1 drivers
S_0x5e5cdea34170 .scope module, "spg_inst" "spg_unit" 4 615, 4 83 0, S_0x5e5cde9cd020;
 .timescale -9 -12;
    .port_info 0 /INPUT 1 "clk";
    .port_info 1 /INPUT 1 "rst_n";
    .port_info 2 /INPUT 1 "start";
    .port_info 3 /INPUT 192 "base_state";
    .port_info 4 /INPUT 32 "spread";
    .port_info 5 /OUTPUT 1 "valid";
    .port_info 6 /OUTPUT 1 "done";
    .port_info 7 /OUTPUT 1 "center_pair";
    .port_info 8 /OUTPUT 8 "pair_index";
    .port_info 9 /OUTPUT 192 "sigma_a";
    .port_info 10 /OUTPUT 192 "sigma_b";
P_0x5e5cdea28fe0 .param/l "DATA_W" 0 4 84, +C4<00000000000000000000000000100000>;
P_0x5e5cdea29020 .param/l "N_DIM" 0 4 85, +C4<00000000000000000000000000000110>;
v0x5e5cdea34420 .array "base_state", 5 0;
v0x5e5cdea34420_0 .net/s v0x5e5cdea34420 0, 31 0, L_0x5e5cdea401c0; 1 drivers
v0x5e5cdea34420_1 .net/s v0x5e5cdea34420 1, 31 0, L_0x5e5cdea40260; 1 drivers
v0x5e5cdea34420_2 .net/s v0x5e5cdea34420 2, 31 0, L_0x5e5cdea40380; 1 drivers
v0x5e5cdea34420_3 .net/s v0x5e5cdea34420 3, 31 0, L_0x5e5cdea40450; 1 drivers
v0x5e5cdea34420_4 .net/s v0x5e5cdea34420 4, 31 0, L_0x5e5cdea40580; 1 drivers
v0x5e5cdea34420_5 .net/s v0x5e5cdea34420 5, 31 0, L_0x5e5cdea40650; 1 drivers
v0x5e5cdea345c0_0 .var "center_pair", 0 0;
v0x5e5cdea346b0_0 .net "clk", 0 0, v0x5e5cdea3ef50_0;  alias, 1 drivers
v0x5e5cdea34780_0 .var "done", 0 0;
v0x5e5cdea34820_0 .var/i "i", 31 0;
v0x5e5cdea34910_0 .var "pair_index", 7 0;
v0x5e5cdea349d0_0 .var "phase", 7 0;
v0x5e5cdea34a90_0 .net "rst_n", 0 0, v0x5e5cdea3f990_0;  alias, 1 drivers
v0x5e5cdea34b30_0 .var "running", 0 0;
v0x5e5cdea34bf0 .array/s "sigma_a", 5 0, 31 0;
v0x5e5cdea34db0 .array/s "sigma_b", 5 0, 31 0;
v0x5e5cdea34f70_0 .net/s "spread", 31 0, v0x5e5cdea21750_0;  alias, 1 drivers
v0x5e5cdea35060_0 .net "start", 0 0, v0x5e5cdea3d650_0;  1 drivers
v0x5e5cdea35100_0 .var "valid", 0 0;
S_0x5e5cdea35370 .scope module, "state_uacc" "uacc_unit" 4 654, 4 225 0, S_0x5e5cde9cd020;
 .timescale -9 -12;
    .port_info 0 /INPUT 1 "clk";
    .port_info 1 /INPUT 1 "rst_n";
    .port_info 2 /INPUT 1 "clear";
    .port_info 3 /INPUT 1 "en";
    .port_info 4 /INPUT 32 "weight_a";
    .port_info 5 /INPUT 32 "weight_b";
    .port_info 6 /INPUT 192 "vec_a";
    .port_info 7 /INPUT 192 "vec_b";
    .port_info 8 /OUTPUT 192 "sum_o";
P_0x5e5cdea35500 .param/l "DATA_W" 0 4 226, +C4<00000000000000000000000000100000>;
P_0x5e5cdea35540 .param/l "FRAC_W" 0 4 227, +C4<00000000000000000000000000010000>;
P_0x5e5cdea35580 .param/l "N_DIM" 0 4 228, +C4<00000000000000000000000000000110>;
v0x5e5cdea36a30 .array/s "acc", 5 0, 43 0;
v0x5e5cdea36bf0_0 .net "clear", 0 0, v0x5e5cdea3d960_0;  1 drivers
v0x5e5cdea36cb0_0 .net "clk", 0 0, v0x5e5cdea3ef50_0;  alias, 1 drivers
v0x5e5cdea36d50_0 .net "en", 0 0, v0x5e5cdea3da00_0;  1 drivers
v0x5e5cdea36df0_0 .var/i "i", 31 0;
v0x5e5cdea36f20_0 .net "rst_n", 0 0, v0x5e5cdea3f990_0;  alias, 1 drivers
v0x5e5cdea36fc0 .array "sum_o", 5 0;
v0x5e5cdea36fc0_0 .net/s v0x5e5cdea36fc0 0, 31 0, L_0x5e5cdea40d10; 1 drivers
v0x5e5cdea36fc0_1 .net/s v0x5e5cdea36fc0 1, 31 0, L_0x5e5cdea434e0; 1 drivers
v0x5e5cdea36fc0_2 .net/s v0x5e5cdea36fc0 2, 31 0, L_0x5e5cdea435e0; 1 drivers
v0x5e5cdea36fc0_3 .net/s v0x5e5cdea36fc0 3, 31 0, L_0x5e5cdea436e0; 1 drivers
v0x5e5cdea36fc0_4 .net/s v0x5e5cdea36fc0 4, 31 0, L_0x5e5cdea437e0; 1 drivers
v0x5e5cdea36fc0_5 .net/s v0x5e5cdea36fc0 5, 31 0, L_0x5e5cdea438e0; 1 drivers
v0x5e5cdea37180 .array "vec_a", 5 0;
v0x5e5cdea37180_0 .net/s v0x5e5cdea37180 0, 31 0, L_0x5e5cdea439e0; 1 drivers
v0x5e5cdea37180_1 .net/s v0x5e5cdea37180 1, 31 0, L_0x5e5cdea43ad0; 1 drivers
v0x5e5cdea37180_2 .net/s v0x5e5cdea37180 2, 31 0, L_0x5e5cdea43d30; 1 drivers
v0x5e5cdea37180_3 .net/s v0x5e5cdea37180 3, 31 0, L_0x5e5cdea43df0; 1 drivers
v0x5e5cdea37180_4 .net/s v0x5e5cdea37180 4, 31 0, L_0x5e5cdea44060; 1 drivers
v0x5e5cdea37180_5 .net/s v0x5e5cdea37180 5, 31 0, L_0x5e5cdea44120; 1 drivers
v0x5e5cdea37340 .array "vec_b", 5 0;
v0x5e5cdea37340_0 .net/s v0x5e5cdea37340 0, 31 0, L_0x5e5cdea443a0; 1 drivers
v0x5e5cdea37340_1 .net/s v0x5e5cdea37340 1, 31 0, L_0x5e5cdea44460; 1 drivers
v0x5e5cdea37340_2 .net/s v0x5e5cdea37340 2, 31 0, L_0x5e5cdea446f0; 1 drivers
v0x5e5cdea37340_3 .net/s v0x5e5cdea37340 3, 31 0, L_0x5e5cdea447b0; 1 drivers
v0x5e5cdea37340_4 .net/s v0x5e5cdea37340 4, 31 0, L_0x5e5cdea44a50; 1 drivers
v0x5e5cdea37340_5 .net/s v0x5e5cdea37340 5, 31 0, L_0x5e5cdea44b10; 1 drivers
v0x5e5cdea37500_0 .net/s "weight_a", 31 0, v0x5e5cdea3dd30_0;  1 drivers
v0x5e5cdea375e0_0 .net/s "weight_b", 31 0, v0x5e5cdea3de20_0;  1 drivers
S_0x5e5cdea35910 .scope generate, "GEN_ACC_OUT[0]" "GEN_ACC_OUT[0]" 4 263, 4 263 0, S_0x5e5cdea35370;
 .timescale -9 -12;
P_0x5e5cdea35b30 .param/l "g" 1 4 263, +C4<00>;
v0x5e5cdea36a30_0 .array/port v0x5e5cdea36a30, 0;
L_0x5e5cdea40d10 .part v0x5e5cdea36a30_0, 0, 32;
S_0x5e5cdea35c10 .scope generate, "GEN_ACC_OUT[1]" "GEN_ACC_OUT[1]" 4 263, 4 263 0, S_0x5e5cdea35370;
 .timescale -9 -12;
P_0x5e5cdea35e10 .param/l "g" 1 4 263, +C4<01>;
v0x5e5cdea36a30_1 .array/port v0x5e5cdea36a30, 1;
L_0x5e5cdea434e0 .part v0x5e5cdea36a30_1, 0, 32;
S_0x5e5cdea35ed0 .scope generate, "GEN_ACC_OUT[2]" "GEN_ACC_OUT[2]" 4 263, 4 263 0, S_0x5e5cdea35370;
 .timescale -9 -12;
P_0x5e5cdea360e0 .param/l "g" 1 4 263, +C4<010>;
v0x5e5cdea36a30_2 .array/port v0x5e5cdea36a30, 2;
L_0x5e5cdea435e0 .part v0x5e5cdea36a30_2, 0, 32;
S_0x5e5cdea361a0 .scope generate, "GEN_ACC_OUT[3]" "GEN_ACC_OUT[3]" 4 263, 4 263 0, S_0x5e5cdea35370;
 .timescale -9 -12;
P_0x5e5cdea36380 .param/l "g" 1 4 263, +C4<011>;
v0x5e5cdea36a30_3 .array/port v0x5e5cdea36a30, 3;
L_0x5e5cdea436e0 .part v0x5e5cdea36a30_3, 0, 32;
S_0x5e5cdea36460 .scope generate, "GEN_ACC_OUT[4]" "GEN_ACC_OUT[4]" 4 263, 4 263 0, S_0x5e5cdea35370;
 .timescale -9 -12;
P_0x5e5cdea36690 .param/l "g" 1 4 263, +C4<0100>;
v0x5e5cdea36a30_4 .array/port v0x5e5cdea36a30, 4;
L_0x5e5cdea437e0 .part v0x5e5cdea36a30_4, 0, 32;
S_0x5e5cdea36770 .scope generate, "GEN_ACC_OUT[5]" "GEN_ACC_OUT[5]" 4 263, 4 263 0, S_0x5e5cdea35370;
 .timescale -9 -12;
P_0x5e5cdea36950 .param/l "g" 1 4 263, +C4<0101>;
v0x5e5cdea36a30_5 .array/port v0x5e5cdea36a30, 5;
L_0x5e5cdea438e0 .part v0x5e5cdea36a30_5, 0, 32;
S_0x5e5cdea377e0 .scope module, "trisolve_inst" "trisolve_unit" 4 770, 4 411 0, S_0x5e5cde9cd020;
 .timescale -9 -12;
    .port_info 0 /INPUT 1 "clk";
    .port_info 1 /INPUT 1 "rst_n";
    .port_info 2 /INPUT 1 "start";
    .port_info 3 /INPUT 32 "chol_factor";
    .port_info 4 /INPUT 192 "x_prior";
    .port_info 5 /INPUT 96 "z_mean";
    .port_info 6 /INPUT 96 "z_obs";
    .port_info 7 /OUTPUT 1 "done";
    .port_info 8 /OUTPUT 192 "x_post";
P_0x5e5cdea37970 .param/l "DATA_W" 0 4 412, +C4<00000000000000000000000000100000>;
P_0x5e5cdea379b0 .param/l "N_MEAS" 0 4 414, +C4<00000000000000000000000000000011>;
P_0x5e5cdea379f0 .param/l "N_STATE" 0 4 413, +C4<00000000000000000000000000000110>;
v0x5e5cdea37cc0_0 .net/s "chol_factor", 31 0, v0x5e5cde9cdaf0_0;  alias, 1 drivers
v0x5e5cdea37dd0_0 .net "clk", 0 0, v0x5e5cdea3ef50_0;  alias, 1 drivers
v0x5e5cdea37e70_0 .var "done", 0 0;
v0x5e5cdea37f40_0 .var/i "i", 31 0;
v0x5e5cdea38000 .array/s "innovation", 2 0, 31 0;
v0x5e5cdea38110_0 .var "latency", 2 0;
v0x5e5cdea381f0_0 .net "rst_n", 0 0, v0x5e5cdea3f990_0;  alias, 1 drivers
v0x5e5cdea38290_0 .net "start", 0 0, v0x5e5cdea3dfc0_0;  1 drivers
v0x5e5cdea38350 .array/s "x_post", 5 0, 31 0;
v0x5e5cdea38510 .array "x_prior", 5 0;
v0x5e5cdea38510_0 .net/s v0x5e5cdea38510 0, 31 0, L_0x5e5cdea64940; 1 drivers
v0x5e5cdea38510_1 .net/s v0x5e5cdea38510 1, 31 0, L_0x5e5cdea64a30; 1 drivers
v0x5e5cdea38510_2 .net/s v0x5e5cdea38510 2, 31 0, L_0x5e5cdea64af0; 1 drivers
v0x5e5cdea38510_3 .net/s v0x5e5cdea38510 3, 31 0, L_0x5e5cdea64bb0; 1 drivers
v0x5e5cdea38510_4 .net/s v0x5e5cdea38510 4, 31 0, L_0x5e5cdea64c70; 1 drivers
v0x5e5cdea38510_5 .net/s v0x5e5cdea38510 5, 31 0, L_0x5e5cdea65280; 1 drivers
v0x5e5cdea386d0 .array "z_mean", 2 0;
v0x5e5cdea386d0_0 .net/s v0x5e5cdea386d0 0, 31 0, L_0x5e5cdea64e00; 1 drivers
v0x5e5cdea386d0_1 .net/s v0x5e5cdea386d0 1, 31 0, L_0x5e5cdea64ec0; 1 drivers
v0x5e5cdea386d0_2 .net/s v0x5e5cdea386d0 2, 31 0, L_0x5e5cdea64f80; 1 drivers
v0x5e5cdea38810 .array "z_obs", 2 0;
v0x5e5cdea38810_0 .net/s v0x5e5cdea38810 0, 31 0, L_0x5e5cdea65040; 1 drivers
v0x5e5cdea38810_1 .net/s v0x5e5cdea38810 1, 31 0, L_0x5e5cdea65110; 1 drivers
v0x5e5cdea38810_2 .net/s v0x5e5cdea38810 2, 31 0, L_0x5e5cdea651e0; 1 drivers
S_0x5e5cdea38a70 .scope module, "wc_inst" "wc_unit" 4 589, 4 3 0, S_0x5e5cde9cd020;
 .timescale -9 -12;
    .port_info 0 /INPUT 1 "clk";
    .port_info 1 /INPUT 1 "rst_n";
    .port_info 2 /INPUT 1 "start";
    .port_info 3 /OUTPUT 1 "done";
    .port_info 4 /OUTPUT 32 "w0m_half";
    .port_info 5 /OUTPUT 32 "w0c_full";
    .port_info 6 /OUTPUT 32 "wi";
P_0x5e5cdea38c00 .param/l "DATA_W" 0 4 4, +C4<00000000000000000000000000100000>;
P_0x5e5cdea38c40 .param/l "FRAC_W" 0 4 5, +C4<00000000000000000000000000010000>;
P_0x5e5cdea38c80 .param/l "W0C_FULL_C" 1 4 16, +C4<00000000000000000110000000000000>;
P_0x5e5cdea38cc0 .param/l "W0M_HALF_C" 1 4 15, +C4<00000000000000000010000000000000>;
P_0x5e5cdea38d00 .param/l "WI_C" 1 4 17, +C4<00000000000000000001000000000000>;
v0x5e5cdea39120_0 .net "clk", 0 0, v0x5e5cdea3ef50_0;  alias, 1 drivers
v0x5e5cdea391e0_0 .var "done", 0 0;
v0x5e5cdea392a0_0 .net "rst_n", 0 0, v0x5e5cdea3f990_0;  alias, 1 drivers
v0x5e5cdea39370_0 .net "start", 0 0, v0x5e5cdea3e3a0_0;  1 drivers
v0x5e5cdea39410_0 .var/s "w0c_full", 31 0;
v0x5e5cdea39540_0 .var/s "w0m_half", 31 0;
v0x5e5cdea39620_0 .var/s "wi", 31 0;
    .scope S_0x5e5cdea38a70;
T_3 ;
    %wait E_0x5e5cde8e3eb0;
    %load/vec4 v0x5e5cdea392a0_0;
    %nor/r;
    %flag_set/vec4 8;
    %jmp/0xz  T_3.0, 8;
    %pushi/vec4 0, 0, 1;
    %assign/vec4 v0x5e5cdea391e0_0, 0;
    %pushi/vec4 0, 0, 32;
    %assign/vec4 v0x5e5cdea39540_0, 0;
    %pushi/vec4 0, 0, 32;
    %assign/vec4 v0x5e5cdea39410_0, 0;
    %pushi/vec4 0, 0, 32;
    %assign/vec4 v0x5e5cdea39620_0, 0;
    %jmp T_3.1;
T_3.0 ;
    %load/vec4 v0x5e5cdea39370_0;
    %assign/vec4 v0x5e5cdea391e0_0, 0;
    %load/vec4 v0x5e5cdea39370_0;
    %flag_set/vec4 8;
    %jmp/0xz  T_3.2, 8;
    %pushi/vec4 8192, 0, 32;
    %assign/vec4 v0x5e5cdea39540_0, 0;
    %pushi/vec4 24576, 0, 32;
    %assign/vec4 v0x5e5cdea39410_0, 0;
    %pushi/vec4 4096, 0, 32;
    %assign/vec4 v0x5e5cdea39620_0, 0;
T_3.2 ;
T_3.1 ;
    %jmp T_3;
    .thread T_3;
    .scope S_0x5e5cdea20a10;
T_4 ;
    %wait E_0x5e5cde8e3eb0;
    %load/vec4 v0x5e5cdea216b0_0;
    %nor/r;
    %flag_set/vec4 8;
    %jmp/0xz  T_4.0, 8;
    %pushi/vec4 0, 0, 1;
    %assign/vec4 v0x5e5cdea21440_0, 0;
    %pushi/vec4 0, 0, 2;
    %assign/vec4 v0x5e5cdea21580_0, 0;
    %pushi/vec4 65536, 0, 32;
    %assign/vec4 v0x5e5cdea21750_0, 0;
    %jmp T_4.1;
T_4.0 ;
    %pushi/vec4 0, 0, 1;
    %assign/vec4 v0x5e5cdea21440_0, 0;
    %load/vec4 v0x5e5cdea21810_0;
    %flag_set/vec4 8;
    %jmp/0xz  T_4.2, 8;
    %pushi/vec4 0, 0, 32;
    %store/vec4 v0x5e5cdea21280_0, 0, 32;
    %pushi/vec4 0, 0, 32;
    %store/vec4 v0x5e5cdea214e0_0, 0, 32;
T_4.4 ;
    %load/vec4 v0x5e5cdea214e0_0;
    %cmpi/s 6, 0, 32;
    %jmp/0xz T_4.5, 5;
    %load/vec4 v0x5e5cdea21280_0;
    %alloc S_0x5e5cdea20ea0;
    %ix/getv/s 4, v0x5e5cdea214e0_0;
    %load/vec4a v0x5e5cdea218d0, 4;
    %store/vec4 v0x5e5cdea211a0_0, 0, 32;
    %callf/vec4 TD_tb_ukf.dut.cordic_inst.abs_fixed, S_0x5e5cdea20ea0;
    %free S_0x5e5cdea20ea0;
    %ix/load 4, 4, 0;
    %flag_set/imm 4, 0;
    %shiftr/s 4;
    %add;
    %store/vec4 v0x5e5cdea21280_0, 0, 32;
    %load/vec4 v0x5e5cdea214e0_0;
    %addi 1, 0, 32;
    %store/vec4 v0x5e5cdea214e0_0, 0, 32;
    %jmp T_4.4;
T_4.5 ;
    %pushi/vec4 32768, 0, 32;
    %load/vec4 v0x5e5cdea21280_0;
    %add;
    %addi 16384, 0, 32;
    %assign/vec4 v0x5e5cdea21750_0, 0;
    %pushi/vec4 2, 0, 2;
    %assign/vec4 v0x5e5cdea21580_0, 0;
    %jmp T_4.3;
T_4.2 ;
    %load/vec4 v0x5e5cdea21580_0;
    %cmpi/ne 0, 0, 2;
    %jmp/0xz  T_4.6, 4;
    %load/vec4 v0x5e5cdea21580_0;
    %subi 1, 0, 2;
    %assign/vec4 v0x5e5cdea21580_0, 0;
    %load/vec4 v0x5e5cdea21580_0;
    %cmpi/e 1, 0, 2;
    %jmp/0xz  T_4.8, 4;
    %pushi/vec4 1, 0, 1;
    %assign/vec4 v0x5e5cdea21440_0, 0;
T_4.8 ;
T_4.6 ;
T_4.3 ;
T_4.1 ;
    %jmp T_4;
    .thread T_4;
    .scope S_0x5e5cdea34170;
T_5 ;
    %wait E_0x5e5cde8e3eb0;
    %load/vec4 v0x5e5cdea34a90_0;
    %nor/r;
    %flag_set/vec4 8;
    %jmp/0xz  T_5.0, 8;
    %pushi/vec4 0, 0, 1;
    %assign/vec4 v0x5e5cdea34b30_0, 0;
    %pushi/vec4 0, 0, 8;
    %assign/vec4 v0x5e5cdea349d0_0, 0;
    %pushi/vec4 0, 0, 1;
    %assign/vec4 v0x5e5cdea35100_0, 0;
    %pushi/vec4 0, 0, 1;
    %assign/vec4 v0x5e5cdea34780_0, 0;
    %pushi/vec4 0, 0, 1;
    %assign/vec4 v0x5e5cdea345c0_0, 0;
    %pushi/vec4 0, 0, 8;
    %assign/vec4 v0x5e5cdea34910_0, 0;
    %pushi/vec4 0, 0, 32;
    %store/vec4 v0x5e5cdea34820_0, 0, 32;
T_5.2 ;
    %load/vec4 v0x5e5cdea34820_0;
    %cmpi/s 6, 0, 32;
    %jmp/0xz T_5.3, 5;
    %pushi/vec4 0, 0, 32;
    %ix/getv/s 3, v0x5e5cdea34820_0;
    %ix/load 4, 0, 0; Constant delay
    %assign/vec4/a/d v0x5e5cdea34bf0, 0, 4;
    %pushi/vec4 0, 0, 32;
    %ix/getv/s 3, v0x5e5cdea34820_0;
    %ix/load 4, 0, 0; Constant delay
    %assign/vec4/a/d v0x5e5cdea34db0, 0, 4;
    %load/vec4 v0x5e5cdea34820_0;
    %addi 1, 0, 32;
    %store/vec4 v0x5e5cdea34820_0, 0, 32;
    %jmp T_5.2;
T_5.3 ;
    %jmp T_5.1;
T_5.0 ;
    %pushi/vec4 0, 0, 1;
    %assign/vec4 v0x5e5cdea35100_0, 0;
    %pushi/vec4 0, 0, 1;
    %assign/vec4 v0x5e5cdea34780_0, 0;
    %load/vec4 v0x5e5cdea35060_0;
    %flag_set/vec4 9;
    %flag_get/vec4 9;
    %jmp/0 T_5.6, 9;
    %load/vec4 v0x5e5cdea34b30_0;
    %nor/r;
    %and;
T_5.6;
    %flag_set/vec4 8;
    %jmp/0xz  T_5.4, 8;
    %pushi/vec4 1, 0, 1;
    %assign/vec4 v0x5e5cdea34b30_0, 0;
    %pushi/vec4 0, 0, 8;
    %assign/vec4 v0x5e5cdea349d0_0, 0;
    %jmp T_5.5;
T_5.4 ;
    %load/vec4 v0x5e5cdea34b30_0;
    %flag_set/vec4 8;
    %jmp/0xz  T_5.7, 8;
    %pushi/vec4 1, 0, 1;
    %assign/vec4 v0x5e5cdea35100_0, 0;
    %load/vec4 v0x5e5cdea349d0_0;
    %pushi/vec4 0, 0, 8;
    %cmp/e;
    %flag_get/vec4 4;
    %assign/vec4 v0x5e5cdea345c0_0, 0;
    %load/vec4 v0x5e5cdea349d0_0;
    %assign/vec4 v0x5e5cdea34910_0, 0;
    %pushi/vec4 0, 0, 32;
    %store/vec4 v0x5e5cdea34820_0, 0, 32;
T_5.9 ;
    %load/vec4 v0x5e5cdea34820_0;
    %cmpi/s 6, 0, 32;
    %jmp/0xz T_5.10, 5;
    %ix/getv/s 4, v0x5e5cdea34820_0;
    %load/vec4a v0x5e5cdea34420, 4;
    %ix/getv/s 3, v0x5e5cdea34820_0;
    %ix/load 4, 0, 0; Constant delay
    %assign/vec4/a/d v0x5e5cdea34bf0, 0, 4;
    %ix/getv/s 4, v0x5e5cdea34820_0;
    %load/vec4a v0x5e5cdea34420, 4;
    %ix/getv/s 3, v0x5e5cdea34820_0;
    %ix/load 4, 0, 0; Constant delay
    %assign/vec4/a/d v0x5e5cdea34db0, 0, 4;
    %load/vec4 v0x5e5cdea34820_0;
    %addi 1, 0, 32;
    %store/vec4 v0x5e5cdea34820_0, 0, 32;
    %jmp T_5.9;
T_5.10 ;
    %load/vec4 v0x5e5cdea349d0_0;
    %cmpi/ne 0, 0, 8;
    %jmp/0xz  T_5.11, 4;
    %load/vec4 v0x5e5cdea349d0_0;
    %subi 1, 0, 8;
    %ix/vec4 4;
    %load/vec4a v0x5e5cdea34420, 4;
    %load/vec4 v0x5e5cdea34f70_0;
    %add;
    %load/vec4 v0x5e5cdea349d0_0;
    %subi 1, 0, 8;
    %ix/vec4 3;
    %ix/load 4, 0, 0; Constant delay
    %assign/vec4/a/d v0x5e5cdea34bf0, 0, 4;
    %load/vec4 v0x5e5cdea349d0_0;
    %subi 1, 0, 8;
    %ix/vec4 4;
    %load/vec4a v0x5e5cdea34420, 4;
    %load/vec4 v0x5e5cdea34f70_0;
    %sub;
    %load/vec4 v0x5e5cdea349d0_0;
    %subi 1, 0, 8;
    %ix/vec4 3;
    %ix/load 4, 0, 0; Constant delay
    %assign/vec4/a/d v0x5e5cdea34db0, 0, 4;
T_5.11 ;
    %load/vec4 v0x5e5cdea349d0_0;
    %cmpi/e 6, 0, 8;
    %jmp/0xz  T_5.13, 4;
    %pushi/vec4 0, 0, 1;
    %assign/vec4 v0x5e5cdea34b30_0, 0;
    %pushi/vec4 1, 0, 1;
    %assign/vec4 v0x5e5cdea34780_0, 0;
    %jmp T_5.14;
T_5.13 ;
    %load/vec4 v0x5e5cdea349d0_0;
    %addi 1, 0, 8;
    %assign/vec4 v0x5e5cdea349d0_0, 0;
T_5.14 ;
T_5.7 ;
T_5.5 ;
T_5.1 ;
    %jmp T_5;
    .thread T_5;
    .scope S_0x5e5cdea21b50;
T_6 ;
    %wait E_0x5e5cde8e3eb0;
    %load/vec4 v0x5e5cdea227e0_0;
    %nor/r;
    %flag_set/vec4 8;
    %jmp/0xz  T_6.0, 8;
    %pushi/vec4 0, 0, 1;
    %assign/vec4 v0x5e5cdea22cd0_0, 0;
    %pushi/vec4 0, 0, 1;
    %assign/vec4 v0x5e5cdea22270_0, 0;
    %pushi/vec4 0, 0, 8;
    %assign/vec4 v0x5e5cdea22700_0, 0;
    %pushi/vec4 0, 0, 32;
    %store/vec4 v0x5e5cdea22450_0, 0, 32;
T_6.2 ;
    %load/vec4 v0x5e5cdea22450_0;
    %cmpi/s 6, 0, 32;
    %jmp/0xz T_6.3, 5;
    %pushi/vec4 0, 0, 32;
    %ix/getv/s 3, v0x5e5cdea22450_0;
    %ix/load 4, 0, 0; Constant delay
    %assign/vec4/a/d v0x5e5cdea22d90, 0, 4;
    %pushi/vec4 0, 0, 32;
    %ix/getv/s 3, v0x5e5cdea22450_0;
    %ix/load 4, 0, 0; Constant delay
    %assign/vec4/a/d v0x5e5cdea22f50, 0, 4;
    %load/vec4 v0x5e5cdea22450_0;
    %addi 1, 0, 32;
    %store/vec4 v0x5e5cdea22450_0, 0, 32;
    %jmp T_6.2;
T_6.3 ;
    %jmp T_6.1;
T_6.0 ;
    %load/vec4 v0x5e5cdea22c10_0;
    %assign/vec4 v0x5e5cdea22cd0_0, 0;
    %load/vec4 v0x5e5cdea22190_0;
    %assign/vec4 v0x5e5cdea22270_0, 0;
    %load/vec4 v0x5e5cdea22620_0;
    %assign/vec4 v0x5e5cdea22700_0, 0;
    %load/vec4 v0x5e5cdea22c10_0;
    %flag_set/vec4 8;
    %jmp/0xz  T_6.4, 8;
    %load/vec4 v0x5e5cdea22510_0;
    %nor/r;
    %flag_set/vec4 8;
    %jmp/0xz  T_6.6, 8;
    %ix/load 4, 0, 0;
    %flag_set/imm 4, 0;
    %load/vec4a v0x5e5cdea228d0, 4;
    %ix/load 4, 3, 0;
    %flag_set/imm 4, 0;
    %load/vec4a v0x5e5cdea228d0, 4;
    %muli 6554, 0, 32;
    %ix/load 4, 16, 0;
    %flag_set/imm 4, 0;
    %shiftr/s 4;
    %add;
    %ix/load 3, 0, 0;
    %flag_set/imm 4, 0;
    %ix/load 4, 0, 0; Constant delay
    %assign/vec4/a/d v0x5e5cdea22d90, 0, 4;
    %ix/load 4, 1, 0;
    %flag_set/imm 4, 0;
    %load/vec4a v0x5e5cdea228d0, 4;
    %ix/load 4, 4, 0;
    %flag_set/imm 4, 0;
    %load/vec4a v0x5e5cdea228d0, 4;
    %muli 6554, 0, 32;
    %ix/load 4, 16, 0;
    %flag_set/imm 4, 0;
    %shiftr/s 4;
    %add;
    %ix/load 3, 1, 0;
    %flag_set/imm 4, 0;
    %ix/load 4, 0, 0; Constant delay
    %assign/vec4/a/d v0x5e5cdea22d90, 0, 4;
    %ix/load 4, 2, 0;
    %flag_set/imm 4, 0;
    %load/vec4a v0x5e5cdea228d0, 4;
    %ix/load 4, 5, 0;
    %flag_set/imm 4, 0;
    %load/vec4a v0x5e5cdea228d0, 4;
    %muli 6554, 0, 32;
    %ix/load 4, 16, 0;
    %flag_set/imm 4, 0;
    %shiftr/s 4;
    %add;
    %ix/load 3, 2, 0;
    %flag_set/imm 4, 0;
    %ix/load 4, 0, 0; Constant delay
    %assign/vec4/a/d v0x5e5cdea22d90, 0, 4;
    %ix/load 4, 3, 0;
    %flag_set/imm 4, 0;
    %load/vec4a v0x5e5cdea228d0, 4;
    %ix/load 3, 3, 0;
    %flag_set/imm 4, 0;
    %ix/load 4, 0, 0; Constant delay
    %assign/vec4/a/d v0x5e5cdea22d90, 0, 4;
    %ix/load 4, 4, 0;
    %flag_set/imm 4, 0;
    %load/vec4a v0x5e5cdea228d0, 4;
    %ix/load 3, 4, 0;
    %flag_set/imm 4, 0;
    %ix/load 4, 0, 0; Constant delay
    %assign/vec4/a/d v0x5e5cdea22d90, 0, 4;
    %ix/load 4, 5, 0;
    %flag_set/imm 4, 0;
    %load/vec4a v0x5e5cdea228d0, 4;
    %ix/load 3, 5, 0;
    %flag_set/imm 4, 0;
    %ix/load 4, 0, 0; Constant delay
    %assign/vec4/a/d v0x5e5cdea22d90, 0, 4;
    %ix/load 4, 0, 0;
    %flag_set/imm 4, 0;
    %load/vec4a v0x5e5cdea22a50, 4;
    %ix/load 4, 3, 0;
    %flag_set/imm 4, 0;
    %load/vec4a v0x5e5cdea22a50, 4;
    %muli 6554, 0, 32;
    %ix/load 4, 16, 0;
    %flag_set/imm 4, 0;
    %shiftr/s 4;
    %add;
    %ix/load 3, 0, 0;
    %flag_set/imm 4, 0;
    %ix/load 4, 0, 0; Constant delay
    %assign/vec4/a/d v0x5e5cdea22f50, 0, 4;
    %ix/load 4, 1, 0;
    %flag_set/imm 4, 0;
    %load/vec4a v0x5e5cdea22a50, 4;
    %ix/load 4, 4, 0;
    %flag_set/imm 4, 0;
    %load/vec4a v0x5e5cdea22a50, 4;
    %muli 6554, 0, 32;
    %ix/load 4, 16, 0;
    %flag_set/imm 4, 0;
    %shiftr/s 4;
    %add;
    %ix/load 3, 1, 0;
    %flag_set/imm 4, 0;
    %ix/load 4, 0, 0; Constant delay
    %assign/vec4/a/d v0x5e5cdea22f50, 0, 4;
    %ix/load 4, 2, 0;
    %flag_set/imm 4, 0;
    %load/vec4a v0x5e5cdea22a50, 4;
    %ix/load 4, 5, 0;
    %flag_set/imm 4, 0;
    %load/vec4a v0x5e5cdea22a50, 4;
    %muli 6554, 0, 32;
    %ix/load 4, 16, 0;
    %flag_set/imm 4, 0;
    %shiftr/s 4;
    %add;
    %ix/load 3, 2, 0;
    %flag_set/imm 4, 0;
    %ix/load 4, 0, 0; Constant delay
    %assign/vec4/a/d v0x5e5cdea22f50, 0, 4;
    %ix/load 4, 3, 0;
    %flag_set/imm 4, 0;
    %load/vec4a v0x5e5cdea22a50, 4;
    %ix/load 3, 3, 0;
    %flag_set/imm 4, 0;
    %ix/load 4, 0, 0; Constant delay
    %assign/vec4/a/d v0x5e5cdea22f50, 0, 4;
    %ix/load 4, 4, 0;
    %flag_set/imm 4, 0;
    %load/vec4a v0x5e5cdea22a50, 4;
    %ix/load 3, 4, 0;
    %flag_set/imm 4, 0;
    %ix/load 4, 0, 0; Constant delay
    %assign/vec4/a/d v0x5e5cdea22f50, 0, 4;
    %ix/load 4, 5, 0;
    %flag_set/imm 4, 0;
    %load/vec4a v0x5e5cdea22a50, 4;
    %ix/load 3, 5, 0;
    %flag_set/imm 4, 0;
    %ix/load 4, 0, 0; Constant delay
    %assign/vec4/a/d v0x5e5cdea22f50, 0, 4;
    %jmp T_6.7;
T_6.6 ;
    %ix/load 4, 0, 0;
    %flag_set/imm 4, 0;
    %load/vec4a v0x5e5cdea228d0, 4;
    %ix/load 3, 0, 0;
    %flag_set/imm 4, 0;
    %ix/load 4, 0, 0; Constant delay
    %assign/vec4/a/d v0x5e5cdea22d90, 0, 4;
    %ix/load 4, 1, 0;
    %flag_set/imm 4, 0;
    %load/vec4a v0x5e5cdea228d0, 4;
    %ix/load 3, 1, 0;
    %flag_set/imm 4, 0;
    %ix/load 4, 0, 0; Constant delay
    %assign/vec4/a/d v0x5e5cdea22d90, 0, 4;
    %ix/load 4, 2, 0;
    %flag_set/imm 4, 0;
    %load/vec4a v0x5e5cdea228d0, 4;
    %ix/load 3, 2, 0;
    %flag_set/imm 4, 0;
    %ix/load 4, 0, 0; Constant delay
    %assign/vec4/a/d v0x5e5cdea22d90, 0, 4;
    %pushi/vec4 0, 0, 32;
    %ix/load 3, 3, 0;
    %flag_set/imm 4, 0;
    %ix/load 4, 0, 0; Constant delay
    %assign/vec4/a/d v0x5e5cdea22d90, 0, 4;
    %pushi/vec4 0, 0, 32;
    %ix/load 3, 4, 0;
    %flag_set/imm 4, 0;
    %ix/load 4, 0, 0; Constant delay
    %assign/vec4/a/d v0x5e5cdea22d90, 0, 4;
    %pushi/vec4 0, 0, 32;
    %ix/load 3, 5, 0;
    %flag_set/imm 4, 0;
    %ix/load 4, 0, 0; Constant delay
    %assign/vec4/a/d v0x5e5cdea22d90, 0, 4;
    %ix/load 4, 0, 0;
    %flag_set/imm 4, 0;
    %load/vec4a v0x5e5cdea22a50, 4;
    %ix/load 3, 0, 0;
    %flag_set/imm 4, 0;
    %ix/load 4, 0, 0; Constant delay
    %assign/vec4/a/d v0x5e5cdea22f50, 0, 4;
    %ix/load 4, 1, 0;
    %flag_set/imm 4, 0;
    %load/vec4a v0x5e5cdea22a50, 4;
    %ix/load 3, 1, 0;
    %flag_set/imm 4, 0;
    %ix/load 4, 0, 0; Constant delay
    %assign/vec4/a/d v0x5e5cdea22f50, 0, 4;
    %ix/load 4, 2, 0;
    %flag_set/imm 4, 0;
    %load/vec4a v0x5e5cdea22a50, 4;
    %ix/load 3, 2, 0;
    %flag_set/imm 4, 0;
    %ix/load 4, 0, 0; Constant delay
    %assign/vec4/a/d v0x5e5cdea22f50, 0, 4;
    %pushi/vec4 0, 0, 32;
    %ix/load 3, 3, 0;
    %flag_set/imm 4, 0;
    %ix/load 4, 0, 0; Constant delay
    %assign/vec4/a/d v0x5e5cdea22f50, 0, 4;
    %pushi/vec4 0, 0, 32;
    %ix/load 3, 4, 0;
    %flag_set/imm 4, 0;
    %ix/load 4, 0, 0; Constant delay
    %assign/vec4/a/d v0x5e5cdea22f50, 0, 4;
    %pushi/vec4 0, 0, 32;
    %ix/load 3, 5, 0;
    %flag_set/imm 4, 0;
    %ix/load 4, 0, 0; Constant delay
    %assign/vec4/a/d v0x5e5cdea22f50, 0, 4;
T_6.7 ;
    %jmp T_6.5;
T_6.4 ;
    %pushi/vec4 0, 0, 32;
    %store/vec4 v0x5e5cdea22450_0, 0, 32;
T_6.8 ;
    %load/vec4 v0x5e5cdea22450_0;
    %cmpi/s 6, 0, 32;
    %jmp/0xz T_6.9, 5;
    %pushi/vec4 0, 0, 32;
    %ix/getv/s 3, v0x5e5cdea22450_0;
    %ix/load 4, 0, 0; Constant delay
    %assign/vec4/a/d v0x5e5cdea22d90, 0, 4;
    %pushi/vec4 0, 0, 32;
    %ix/getv/s 3, v0x5e5cdea22450_0;
    %ix/load 4, 0, 0; Constant delay
    %assign/vec4/a/d v0x5e5cdea22f50, 0, 4;
    %load/vec4 v0x5e5cdea22450_0;
    %addi 1, 0, 32;
    %store/vec4 v0x5e5cdea22450_0, 0, 32;
    %jmp T_6.8;
T_6.9 ;
T_6.5 ;
T_6.1 ;
    %jmp T_6;
    .thread T_6;
    .scope S_0x5e5cdea35370;
T_7 ;
    %wait E_0x5e5cde8e3eb0;
    %load/vec4 v0x5e5cdea36f20_0;
    %nor/r;
    %flag_set/vec4 8;
    %jmp/0xz  T_7.0, 8;
    %pushi/vec4 0, 0, 32;
    %store/vec4 v0x5e5cdea36df0_0, 0, 32;
T_7.2 ;
    %load/vec4 v0x5e5cdea36df0_0;
    %cmpi/s 6, 0, 32;
    %jmp/0xz T_7.3, 5;
    %pushi/vec4 0, 0, 44;
    %ix/getv/s 3, v0x5e5cdea36df0_0;
    %ix/load 4, 0, 0; Constant delay
    %assign/vec4/a/d v0x5e5cdea36a30, 0, 4;
    %load/vec4 v0x5e5cdea36df0_0;
    %addi 1, 0, 32;
    %store/vec4 v0x5e5cdea36df0_0, 0, 32;
    %jmp T_7.2;
T_7.3 ;
    %jmp T_7.1;
T_7.0 ;
    %load/vec4 v0x5e5cdea36bf0_0;
    %flag_set/vec4 8;
    %jmp/0xz  T_7.4, 8;
    %pushi/vec4 0, 0, 32;
    %store/vec4 v0x5e5cdea36df0_0, 0, 32;
T_7.6 ;
    %load/vec4 v0x5e5cdea36df0_0;
    %cmpi/s 6, 0, 32;
    %jmp/0xz T_7.7, 5;
    %pushi/vec4 0, 0, 44;
    %ix/getv/s 3, v0x5e5cdea36df0_0;
    %ix/load 4, 0, 0; Constant delay
    %assign/vec4/a/d v0x5e5cdea36a30, 0, 4;
    %load/vec4 v0x5e5cdea36df0_0;
    %addi 1, 0, 32;
    %store/vec4 v0x5e5cdea36df0_0, 0, 32;
    %jmp T_7.6;
T_7.7 ;
    %jmp T_7.5;
T_7.4 ;
    %load/vec4 v0x5e5cdea36d50_0;
    %flag_set/vec4 8;
    %jmp/0xz  T_7.8, 8;
    %pushi/vec4 0, 0, 32;
    %store/vec4 v0x5e5cdea36df0_0, 0, 32;
T_7.10 ;
    %load/vec4 v0x5e5cdea36df0_0;
    %cmpi/s 6, 0, 32;
    %jmp/0xz T_7.11, 5;
    %ix/getv/s 4, v0x5e5cdea36df0_0;
    %load/vec4a v0x5e5cdea36a30, 4;
    %ix/getv/s 4, v0x5e5cdea36df0_0;
    %load/vec4a v0x5e5cdea37180, 4;
    %pad/s 44;
    %load/vec4 v0x5e5cdea37500_0;
    %pad/s 44;
    %mul;
    %ix/load 4, 16, 0;
    %flag_set/imm 4, 0;
    %shiftr/s 4;
    %add;
    %ix/getv/s 4, v0x5e5cdea36df0_0;
    %load/vec4a v0x5e5cdea37340, 4;
    %pad/s 44;
    %load/vec4 v0x5e5cdea375e0_0;
    %pad/s 44;
    %mul;
    %ix/load 4, 16, 0;
    %flag_set/imm 4, 0;
    %shiftr/s 4;
    %add;
    %ix/getv/s 3, v0x5e5cdea36df0_0;
    %ix/load 4, 0, 0; Constant delay
    %assign/vec4/a/d v0x5e5cdea36a30, 0, 4;
    %load/vec4 v0x5e5cdea36df0_0;
    %addi 1, 0, 32;
    %store/vec4 v0x5e5cdea36df0_0, 0, 32;
    %jmp T_7.10;
T_7.11 ;
T_7.8 ;
T_7.5 ;
T_7.1 ;
    %jmp T_7;
    .thread T_7;
    .scope S_0x5e5cdea2a0c0;
T_8 ;
    %wait E_0x5e5cde8e3eb0;
    %load/vec4 v0x5e5cdea2bc80_0;
    %nor/r;
    %flag_set/vec4 8;
    %jmp/0xz  T_8.0, 8;
    %pushi/vec4 0, 0, 32;
    %store/vec4 v0x5e5cdea2bb50_0, 0, 32;
T_8.2 ;
    %load/vec4 v0x5e5cdea2bb50_0;
    %cmpi/s 6, 0, 32;
    %jmp/0xz T_8.3, 5;
    %pushi/vec4 0, 0, 44;
    %ix/getv/s 3, v0x5e5cdea2bb50_0;
    %ix/load 4, 0, 0; Constant delay
    %assign/vec4/a/d v0x5e5cdea2b790, 0, 4;
    %load/vec4 v0x5e5cdea2bb50_0;
    %addi 1, 0, 32;
    %store/vec4 v0x5e5cdea2bb50_0, 0, 32;
    %jmp T_8.2;
T_8.3 ;
    %jmp T_8.1;
T_8.0 ;
    %load/vec4 v0x5e5cdea2b950_0;
    %flag_set/vec4 8;
    %jmp/0xz  T_8.4, 8;
    %pushi/vec4 0, 0, 32;
    %store/vec4 v0x5e5cdea2bb50_0, 0, 32;
T_8.6 ;
    %load/vec4 v0x5e5cdea2bb50_0;
    %cmpi/s 6, 0, 32;
    %jmp/0xz T_8.7, 5;
    %pushi/vec4 0, 0, 44;
    %ix/getv/s 3, v0x5e5cdea2bb50_0;
    %ix/load 4, 0, 0; Constant delay
    %assign/vec4/a/d v0x5e5cdea2b790, 0, 4;
    %load/vec4 v0x5e5cdea2bb50_0;
    %addi 1, 0, 32;
    %store/vec4 v0x5e5cdea2bb50_0, 0, 32;
    %jmp T_8.6;
T_8.7 ;
    %jmp T_8.5;
T_8.4 ;
    %load/vec4 v0x5e5cdea2bab0_0;
    %flag_set/vec4 8;
    %jmp/0xz  T_8.8, 8;
    %pushi/vec4 0, 0, 32;
    %store/vec4 v0x5e5cdea2bb50_0, 0, 32;
T_8.10 ;
    %load/vec4 v0x5e5cdea2bb50_0;
    %cmpi/s 6, 0, 32;
    %jmp/0xz T_8.11, 5;
    %ix/getv/s 4, v0x5e5cdea2bb50_0;
    %load/vec4a v0x5e5cdea2b790, 4;
    %ix/getv/s 4, v0x5e5cdea2bb50_0;
    %load/vec4a v0x5e5cdea2bee0, 4;
    %pad/s 44;
    %load/vec4 v0x5e5cdea2c2f0_0;
    %pad/s 44;
    %mul;
    %ix/load 4, 16, 0;
    %flag_set/imm 4, 0;
    %shiftr/s 4;
    %add;
    %ix/getv/s 4, v0x5e5cdea2bb50_0;
    %load/vec4a v0x5e5cdea2c0a0, 4;
    %pad/s 44;
    %load/vec4 v0x5e5cdea2c3d0_0;
    %pad/s 44;
    %mul;
    %ix/load 4, 16, 0;
    %flag_set/imm 4, 0;
    %shiftr/s 4;
    %add;
    %ix/getv/s 3, v0x5e5cdea2bb50_0;
    %ix/load 4, 0, 0; Constant delay
    %assign/vec4/a/d v0x5e5cdea2b790, 0, 4;
    %load/vec4 v0x5e5cdea2bb50_0;
    %addi 1, 0, 32;
    %store/vec4 v0x5e5cdea2bb50_0, 0, 32;
    %jmp T_8.10;
T_8.11 ;
T_8.8 ;
T_8.5 ;
T_8.1 ;
    %jmp T_8;
    .thread T_8;
    .scope S_0x5e5cdea2c5d0;
T_9 ;
    %wait E_0x5e5cdea23780;
    %load/vec4 v0x5e5cdea31c00_0;
    %flag_set/vec4 8;
    %jmp/0xz  T_9.0, 8;
    %pushi/vec4 0, 0, 32;
    %store/vec4 v0x5e5cdea31620_0, 0, 32;
T_9.2 ;
    %load/vec4 v0x5e5cdea31620_0;
    %cmpi/s 6, 0, 32;
    %jmp/0xz T_9.3, 5;
    %ix/getv/s 4, v0x5e5cdea31620_0;
    %load/vec4a v0x5e5cdea31e10, 4;
    %load/vec4 v0x5e5cdea31a40_0;
    %pad/u 8;
    %pad/u 11;
    %muli 6, 0, 11;
    %pad/u 12;
    %load/vec4 v0x5e5cdea31620_0;
    %pad/s 12;
    %add;
    %ix/vec4 3;
    %ix/load 4, 0, 0; Constant delay
    %assign/vec4/a/d v0x5e5cdea31700, 0, 4;
    %load/vec4 v0x5e5cdea31620_0;
    %addi 1, 0, 32;
    %store/vec4 v0x5e5cdea31620_0, 0, 32;
    %jmp T_9.2;
T_9.3 ;
T_9.0 ;
    %load/vec4 v0x5e5cdea31cc0_0;
    %flag_set/vec4 8;
    %jmp/0xz  T_9.4, 8;
    %pushi/vec4 0, 0, 32;
    %store/vec4 v0x5e5cdea31620_0, 0, 32;
T_9.6 ;
    %load/vec4 v0x5e5cdea31620_0;
    %cmpi/s 6, 0, 32;
    %jmp/0xz T_9.7, 5;
    %ix/getv/s 4, v0x5e5cdea31620_0;
    %load/vec4a v0x5e5cdea31fd0, 4;
    %load/vec4 v0x5e5cdea31b20_0;
    %pad/u 8;
    %pad/u 11;
    %muli 6, 0, 11;
    %pad/u 12;
    %load/vec4 v0x5e5cdea31620_0;
    %pad/s 12;
    %add;
    %ix/vec4 3;
    %ix/load 4, 0, 0; Constant delay
    %assign/vec4/a/d v0x5e5cdea31700, 0, 4;
    %load/vec4 v0x5e5cdea31620_0;
    %addi 1, 0, 32;
    %store/vec4 v0x5e5cdea31620_0, 0, 32;
    %jmp T_9.6;
T_9.7 ;
T_9.4 ;
    %jmp T_9;
    .thread T_9;
    .scope S_0x5e5cdea232b0;
T_10 ;
    %wait E_0x5e5cdea23780;
    %load/vec4 v0x5e5cdea28680_0;
    %flag_set/vec4 8;
    %jmp/0xz  T_10.0, 8;
    %pushi/vec4 0, 0, 32;
    %store/vec4 v0x5e5cdea280a0_0, 0, 32;
T_10.2 ;
    %load/vec4 v0x5e5cdea280a0_0;
    %cmpi/s 6, 0, 32;
    %jmp/0xz T_10.3, 5;
    %ix/getv/s 4, v0x5e5cdea280a0_0;
    %load/vec4a v0x5e5cdea28890, 4;
    %load/vec4 v0x5e5cdea284c0_0;
    %pad/u 8;
    %pad/u 11;
    %muli 6, 0, 11;
    %pad/u 12;
    %load/vec4 v0x5e5cdea280a0_0;
    %pad/s 12;
    %add;
    %ix/vec4 3;
    %ix/load 4, 0, 0; Constant delay
    %assign/vec4/a/d v0x5e5cdea28180, 0, 4;
    %load/vec4 v0x5e5cdea280a0_0;
    %addi 1, 0, 32;
    %store/vec4 v0x5e5cdea280a0_0, 0, 32;
    %jmp T_10.2;
T_10.3 ;
T_10.0 ;
    %load/vec4 v0x5e5cdea28740_0;
    %flag_set/vec4 8;
    %jmp/0xz  T_10.4, 8;
    %pushi/vec4 0, 0, 32;
    %store/vec4 v0x5e5cdea280a0_0, 0, 32;
T_10.6 ;
    %load/vec4 v0x5e5cdea280a0_0;
    %cmpi/s 6, 0, 32;
    %jmp/0xz T_10.7, 5;
    %ix/getv/s 4, v0x5e5cdea280a0_0;
    %load/vec4a v0x5e5cdea28a50, 4;
    %load/vec4 v0x5e5cdea285a0_0;
    %pad/u 8;
    %pad/u 11;
    %muli 6, 0, 11;
    %pad/u 12;
    %load/vec4 v0x5e5cdea280a0_0;
    %pad/s 12;
    %add;
    %ix/vec4 3;
    %ix/load 4, 0, 0; Constant delay
    %assign/vec4/a/d v0x5e5cdea28180, 0, 4;
    %load/vec4 v0x5e5cdea280a0_0;
    %addi 1, 0, 32;
    %store/vec4 v0x5e5cdea280a0_0, 0, 32;
    %jmp T_10.6;
T_10.7 ;
T_10.4 ;
    %jmp T_10;
    .thread T_10;
    .scope S_0x5e5cdea322b0;
T_11 ;
    %wait E_0x5e5cde8e3eb0;
    %load/vec4 v0x5e5cdea331e0_0;
    %nor/r;
    %flag_set/vec4 8;
    %jmp/0xz  T_11.0, 8;
    %pushi/vec4 0, 0, 32;
    %assign/vec4 v0x5e5cdea33280_0, 0;
    %jmp T_11.1;
T_11.0 ;
    %load/vec4 v0x5e5cdea32bc0_0;
    %flag_set/vec4 8;
    %jmp/0xz  T_11.2, 8;
    %pushi/vec4 0, 0, 32;
    %assign/vec4 v0x5e5cdea33280_0, 0;
    %jmp T_11.3;
T_11.2 ;
    %load/vec4 v0x5e5cdea32e30_0;
    %flag_set/vec4 8;
    %jmp/0xz  T_11.4, 8;
    %pushi/vec4 0, 0, 32;
    %store/vec4 v0x5e5cdea32d60_0, 0, 32;
    %pushi/vec4 0, 0, 32;
    %store/vec4 v0x5e5cdea32ef0_0, 0, 32;
T_11.6 ;
    %load/vec4 v0x5e5cdea32ef0_0;
    %cmpi/s 6, 0, 32;
    %jmp/0xz T_11.7, 5;
    %load/vec4 v0x5e5cdea32d60_0;
    %alloc S_0x5e5cdea327e0;
    %ix/getv/s 4, v0x5e5cdea32ef0_0;
    %load/vec4a v0x5e5cdea33360, 4;
    %ix/getv/s 4, v0x5e5cdea32ef0_0;
    %load/vec4a v0x5e5cdea33020, 4;
    %sub;
    %store/vec4 v0x5e5cdea32ae0_0, 0, 32;
    %callf/vec4 TD_tb_ukf.dut.pred_pacc.abs_fixed, S_0x5e5cdea327e0;
    %free S_0x5e5cdea327e0;
    %add;
    %store/vec4 v0x5e5cdea32d60_0, 0, 32;
    %load/vec4 v0x5e5cdea32ef0_0;
    %addi 1, 0, 32;
    %store/vec4 v0x5e5cdea32ef0_0, 0, 32;
    %jmp T_11.6;
T_11.7 ;
    %load/vec4 v0x5e5cdea33280_0;
    %load/vec4 v0x5e5cdea32d60_0;
    %load/vec4 v0x5e5cdea33520_0;
    %mul;
    %ix/load 4, 16, 0;
    %flag_set/imm 4, 0;
    %shiftr/s 4;
    %add;
    %assign/vec4 v0x5e5cdea33280_0, 0;
T_11.4 ;
T_11.3 ;
T_11.1 ;
    %jmp T_11;
    .thread T_11;
    .scope S_0x5e5cdea28d30;
T_12 ;
    %wait E_0x5e5cde8e3eb0;
    %load/vec4 v0x5e5cdea29b90_0;
    %nor/r;
    %flag_set/vec4 8;
    %jmp/0xz  T_12.0, 8;
    %pushi/vec4 0, 0, 32;
    %assign/vec4 v0x5e5cdea29c30_0, 0;
    %jmp T_12.1;
T_12.0 ;
    %load/vec4 v0x5e5cdea29640_0;
    %flag_set/vec4 8;
    %jmp/0xz  T_12.2, 8;
    %pushi/vec4 0, 0, 32;
    %assign/vec4 v0x5e5cdea29c30_0, 0;
    %jmp T_12.3;
T_12.2 ;
    %load/vec4 v0x5e5cdea298b0_0;
    %flag_set/vec4 8;
    %jmp/0xz  T_12.4, 8;
    %pushi/vec4 0, 0, 32;
    %store/vec4 v0x5e5cdea297e0_0, 0, 32;
    %pushi/vec4 0, 0, 32;
    %store/vec4 v0x5e5cdea29970_0, 0, 32;
T_12.6 ;
    %load/vec4 v0x5e5cdea29970_0;
    %cmpi/s 3, 0, 32;
    %jmp/0xz T_12.7, 5;
    %load/vec4 v0x5e5cdea297e0_0;
    %alloc S_0x5e5cdea29260;
    %ix/getv/s 4, v0x5e5cdea29970_0;
    %load/vec4a v0x5e5cdea29d10, 4;
    %ix/getv/s 4, v0x5e5cdea29970_0;
    %load/vec4a v0x5e5cdea29a50, 4;
    %sub;
    %store/vec4 v0x5e5cdea29560_0, 0, 32;
    %callf/vec4 TD_tb_ukf.dut.meas_pacc.abs_fixed, S_0x5e5cdea29260;
    %free S_0x5e5cdea29260;
    %add;
    %store/vec4 v0x5e5cdea297e0_0, 0, 32;
    %load/vec4 v0x5e5cdea29970_0;
    %addi 1, 0, 32;
    %store/vec4 v0x5e5cdea29970_0, 0, 32;
    %jmp T_12.6;
T_12.7 ;
    %load/vec4 v0x5e5cdea29c30_0;
    %load/vec4 v0x5e5cdea297e0_0;
    %load/vec4 v0x5e5cdea29ee0_0;
    %mul;
    %ix/load 4, 16, 0;
    %flag_set/imm 4, 0;
    %shiftr/s 4;
    %add;
    %assign/vec4 v0x5e5cdea29c30_0, 0;
T_12.4 ;
T_12.3 ;
T_12.1 ;
    %jmp T_12;
    .thread T_12;
    .scope S_0x5e5cdea33700;
T_13 ;
    %wait E_0x5e5cde8e3eb0;
    %load/vec4 v0x5e5cdea33e00_0;
    %nor/r;
    %flag_set/vec4 8;
    %jmp/0xz  T_13.0, 8;
    %pushi/vec4 0, 0, 1;
    %assign/vec4 v0x5e5cdea33b60_0, 0;
    %pushi/vec4 0, 0, 2;
    %assign/vec4 v0x5e5cdea33c20_0, 0;
    %pushi/vec4 0, 0, 32;
    %assign/vec4 v0x5e5cdea33d10_0, 0;
    %jmp T_13.1;
T_13.0 ;
    %pushi/vec4 0, 0, 1;
    %assign/vec4 v0x5e5cdea33b60_0, 0;
    %load/vec4 v0x5e5cdea33fb0_0;
    %flag_set/vec4 8;
    %jmp/0xz  T_13.2, 8;
    %load/vec4 v0x5e5cdea33ef0_0;
    %addi 4096, 0, 32;
    %assign/vec4 v0x5e5cdea33d10_0, 0;
    %pushi/vec4 2, 0, 2;
    %assign/vec4 v0x5e5cdea33c20_0, 0;
    %jmp T_13.3;
T_13.2 ;
    %load/vec4 v0x5e5cdea33c20_0;
    %cmpi/ne 0, 0, 2;
    %jmp/0xz  T_13.4, 4;
    %load/vec4 v0x5e5cdea33c20_0;
    %subi 1, 0, 2;
    %assign/vec4 v0x5e5cdea33c20_0, 0;
    %load/vec4 v0x5e5cdea33c20_0;
    %cmpi/e 1, 0, 2;
    %jmp/0xz  T_13.6, 4;
    %pushi/vec4 1, 0, 1;
    %assign/vec4 v0x5e5cdea33b60_0, 0;
T_13.6 ;
T_13.4 ;
T_13.3 ;
T_13.1 ;
    %jmp T_13;
    .thread T_13;
    .scope S_0x5e5cde9d4190;
T_14 ;
    %wait E_0x5e5cde8e3eb0;
    %load/vec4 v0x5e5cde9c6ca0_0;
    %nor/r;
    %flag_set/vec4 8;
    %jmp/0xz  T_14.0, 8;
    %pushi/vec4 0, 0, 1;
    %assign/vec4 v0x5e5cde9ca860_0, 0;
    %pushi/vec4 0, 0, 2;
    %assign/vec4 v0x5e5cde9c9f30_0, 0;
    %pushi/vec4 0, 0, 32;
    %assign/vec4 v0x5e5cde9cdaf0_0, 0;
    %jmp T_14.1;
T_14.0 ;
    %pushi/vec4 0, 0, 1;
    %assign/vec4 v0x5e5cde9ca860_0, 0;
    %load/vec4 v0x5e5cdea20890_0;
    %flag_set/vec4 8;
    %jmp/0xz  T_14.2, 8;
    %load/vec4 v0x5e5cde9c75d0_0;
    %load/vec4 v0x5e5cde9c75d0_0;
    %ix/load 4, 3, 0;
    %flag_set/imm 4, 0;
    %shiftr/s 4;
    %sub;
    %assign/vec4 v0x5e5cde9cdaf0_0, 0;
    %pushi/vec4 2, 0, 2;
    %assign/vec4 v0x5e5cde9c9f30_0, 0;
    %jmp T_14.3;
T_14.2 ;
    %load/vec4 v0x5e5cde9c9f30_0;
    %cmpi/ne 0, 0, 2;
    %jmp/0xz  T_14.4, 4;
    %load/vec4 v0x5e5cde9c9f30_0;
    %subi 1, 0, 2;
    %assign/vec4 v0x5e5cde9c9f30_0, 0;
    %load/vec4 v0x5e5cde9c9f30_0;
    %cmpi/e 1, 0, 2;
    %jmp/0xz  T_14.6, 4;
    %pushi/vec4 1, 0, 1;
    %assign/vec4 v0x5e5cde9ca860_0, 0;
T_14.6 ;
T_14.4 ;
T_14.3 ;
T_14.1 ;
    %jmp T_14;
    .thread T_14;
    .scope S_0x5e5cdea377e0;
T_15 ;
    %wait E_0x5e5cde8e3eb0;
    %load/vec4 v0x5e5cdea381f0_0;
    %nor/r;
    %flag_set/vec4 8;
    %jmp/0xz  T_15.0, 8;
    %pushi/vec4 0, 0, 1;
    %assign/vec4 v0x5e5cdea37e70_0, 0;
    %pushi/vec4 0, 0, 3;
    %assign/vec4 v0x5e5cdea38110_0, 0;
    %pushi/vec4 0, 0, 32;
    %store/vec4 v0x5e5cdea37f40_0, 0, 32;
T_15.2 ;
    %load/vec4 v0x5e5cdea37f40_0;
    %cmpi/s 6, 0, 32;
    %jmp/0xz T_15.3, 5;
    %pushi/vec4 0, 0, 32;
    %ix/getv/s 3, v0x5e5cdea37f40_0;
    %ix/load 4, 0, 0; Constant delay
    %assign/vec4/a/d v0x5e5cdea38350, 0, 4;
    %load/vec4 v0x5e5cdea37f40_0;
    %addi 1, 0, 32;
    %store/vec4 v0x5e5cdea37f40_0, 0, 32;
    %jmp T_15.2;
T_15.3 ;
    %jmp T_15.1;
T_15.0 ;
    %pushi/vec4 0, 0, 1;
    %assign/vec4 v0x5e5cdea37e70_0, 0;
    %load/vec4 v0x5e5cdea38290_0;
    %flag_set/vec4 8;
    %jmp/0xz  T_15.4, 8;
    %pushi/vec4 0, 0, 32;
    %store/vec4 v0x5e5cdea37f40_0, 0, 32;
T_15.6 ;
    %load/vec4 v0x5e5cdea37f40_0;
    %cmpi/s 3, 0, 32;
    %jmp/0xz T_15.7, 5;
    %ix/getv/s 4, v0x5e5cdea37f40_0;
    %load/vec4a v0x5e5cdea38810, 4;
    %ix/getv/s 4, v0x5e5cdea37f40_0;
    %load/vec4a v0x5e5cdea386d0, 4;
    %sub;
    %ix/getv/s 3, v0x5e5cdea37f40_0;
    %ix/load 4, 0, 0; Constant delay
    %assign/vec4/a/d v0x5e5cdea38000, 0, 4;
    %load/vec4 v0x5e5cdea37f40_0;
    %addi 1, 0, 32;
    %store/vec4 v0x5e5cdea37f40_0, 0, 32;
    %jmp T_15.6;
T_15.7 ;
    %ix/load 4, 0, 0;
    %flag_set/imm 4, 0;
    %load/vec4a v0x5e5cdea38510, 4;
    %ix/load 4, 0, 0;
    %flag_set/imm 4, 0;
    %load/vec4a v0x5e5cdea38810, 4;
    %ix/load 4, 0, 0;
    %flag_set/imm 4, 0;
    %load/vec4a v0x5e5cdea386d0, 4;
    %sub;
    %ix/load 4, 1, 0;
    %flag_set/imm 4, 0;
    %shiftr/s 4;
    %add;
    %ix/load 3, 0, 0;
    %flag_set/imm 4, 0;
    %ix/load 4, 0, 0; Constant delay
    %assign/vec4/a/d v0x5e5cdea38350, 0, 4;
    %ix/load 4, 1, 0;
    %flag_set/imm 4, 0;
    %load/vec4a v0x5e5cdea38510, 4;
    %ix/load 4, 1, 0;
    %flag_set/imm 4, 0;
    %load/vec4a v0x5e5cdea38810, 4;
    %ix/load 4, 1, 0;
    %flag_set/imm 4, 0;
    %load/vec4a v0x5e5cdea386d0, 4;
    %sub;
    %ix/load 4, 1, 0;
    %flag_set/imm 4, 0;
    %shiftr/s 4;
    %add;
    %ix/load 3, 1, 0;
    %flag_set/imm 4, 0;
    %ix/load 4, 0, 0; Constant delay
    %assign/vec4/a/d v0x5e5cdea38350, 0, 4;
    %ix/load 4, 2, 0;
    %flag_set/imm 4, 0;
    %load/vec4a v0x5e5cdea38510, 4;
    %ix/load 4, 2, 0;
    %flag_set/imm 4, 0;
    %load/vec4a v0x5e5cdea38810, 4;
    %ix/load 4, 2, 0;
    %flag_set/imm 4, 0;
    %load/vec4a v0x5e5cdea386d0, 4;
    %sub;
    %ix/load 4, 1, 0;
    %flag_set/imm 4, 0;
    %shiftr/s 4;
    %add;
    %ix/load 3, 2, 0;
    %flag_set/imm 4, 0;
    %ix/load 4, 0, 0; Constant delay
    %assign/vec4/a/d v0x5e5cdea38350, 0, 4;
    %ix/load 4, 3, 0;
    %flag_set/imm 4, 0;
    %load/vec4a v0x5e5cdea38510, 4;
    %ix/load 4, 0, 0;
    %flag_set/imm 4, 0;
    %load/vec4a v0x5e5cdea38810, 4;
    %ix/load 4, 0, 0;
    %flag_set/imm 4, 0;
    %load/vec4a v0x5e5cdea386d0, 4;
    %sub;
    %ix/load 4, 3, 0;
    %flag_set/imm 4, 0;
    %shiftr/s 4;
    %add;
    %load/vec4 v0x5e5cdea37cc0_0;
    %ix/load 4, 6, 0;
    %flag_set/imm 4, 0;
    %shiftr/s 4;
    %add;
    %ix/load 3, 3, 0;
    %flag_set/imm 4, 0;
    %ix/load 4, 0, 0; Constant delay
    %assign/vec4/a/d v0x5e5cdea38350, 0, 4;
    %ix/load 4, 4, 0;
    %flag_set/imm 4, 0;
    %load/vec4a v0x5e5cdea38510, 4;
    %ix/load 4, 1, 0;
    %flag_set/imm 4, 0;
    %load/vec4a v0x5e5cdea38810, 4;
    %ix/load 4, 1, 0;
    %flag_set/imm 4, 0;
    %load/vec4a v0x5e5cdea386d0, 4;
    %sub;
    %ix/load 4, 3, 0;
    %flag_set/imm 4, 0;
    %shiftr/s 4;
    %add;
    %load/vec4 v0x5e5cdea37cc0_0;
    %ix/load 4, 6, 0;
    %flag_set/imm 4, 0;
    %shiftr/s 4;
    %add;
    %ix/load 3, 4, 0;
    %flag_set/imm 4, 0;
    %ix/load 4, 0, 0; Constant delay
    %assign/vec4/a/d v0x5e5cdea38350, 0, 4;
    %ix/load 4, 5, 0;
    %flag_set/imm 4, 0;
    %load/vec4a v0x5e5cdea38510, 4;
    %ix/load 4, 2, 0;
    %flag_set/imm 4, 0;
    %load/vec4a v0x5e5cdea38810, 4;
    %ix/load 4, 2, 0;
    %flag_set/imm 4, 0;
    %load/vec4a v0x5e5cdea386d0, 4;
    %sub;
    %ix/load 4, 3, 0;
    %flag_set/imm 4, 0;
    %shiftr/s 4;
    %add;
    %load/vec4 v0x5e5cdea37cc0_0;
    %ix/load 4, 6, 0;
    %flag_set/imm 4, 0;
    %shiftr/s 4;
    %add;
    %ix/load 3, 5, 0;
    %flag_set/imm 4, 0;
    %ix/load 4, 0, 0; Constant delay
    %assign/vec4/a/d v0x5e5cdea38350, 0, 4;
    %pushi/vec4 3, 0, 3;
    %assign/vec4 v0x5e5cdea38110_0, 0;
    %jmp T_15.5;
T_15.4 ;
    %load/vec4 v0x5e5cdea38110_0;
    %cmpi/ne 0, 0, 3;
    %jmp/0xz  T_15.8, 4;
    %load/vec4 v0x5e5cdea38110_0;
    %subi 1, 0, 3;
    %assign/vec4 v0x5e5cdea38110_0, 0;
    %load/vec4 v0x5e5cdea38110_0;
    %cmpi/e 1, 0, 3;
    %jmp/0xz  T_15.10, 4;
    %pushi/vec4 1, 0, 1;
    %assign/vec4 v0x5e5cdea37e70_0, 0;
T_15.10 ;
T_15.8 ;
T_15.5 ;
T_15.1 ;
    %jmp T_15;
    .thread T_15;
    .scope S_0x5e5cde9cd020;
T_16 ;
    %wait E_0x5e5cde8e3eb0;
    %load/vec4 v0x5e5cdea3c7b0_0;
    %nor/r;
    %flag_set/vec4 8;
    %jmp/0xz  T_16.0, 8;
    %pushi/vec4 0, 0, 5;
    %assign/vec4 v0x5e5cdea3d880_0, 0;
    %pushi/vec4 0, 0, 1;
    %assign/vec4 v0x5e5cdea39e80_0, 0;
    %pushi/vec4 0, 0, 1;
    %assign/vec4 v0x5e5cdea39820_0, 0;
    %pushi/vec4 0, 0, 5;
    %assign/vec4 v0x5e5cdea3dad0_0, 0;
    %pushi/vec4 0, 0, 8;
    %assign/vec4 v0x5e5cdea3c850_0, 0;
    %pushi/vec4 0, 0, 1;
    %assign/vec4 v0x5e5cdea3b9c0_0, 0;
    %pushi/vec4 0, 0, 1;
    %assign/vec4 v0x5e5cdea3ba80_0, 0;
    %pushi/vec4 0, 0, 32;
    %assign/vec4 v0x5e5cdea39f20_0, 0;
    %pushi/vec4 0, 0, 32;
    %assign/vec4 v0x5e5cdea39fc0_0, 0;
    %pushi/vec4 0, 0, 32;
    %assign/vec4 v0x5e5cdea3a080_0, 0;
    %pushi/vec4 0, 0, 1;
    %assign/vec4 v0x5e5cdea3e3a0_0, 0;
    %pushi/vec4 0, 0, 1;
    %assign/vec4 v0x5e5cdea39db0_0, 0;
    %pushi/vec4 0, 0, 1;
    %assign/vec4 v0x5e5cdea3d650_0, 0;
    %pushi/vec4 0, 0, 1;
    %assign/vec4 v0x5e5cdea3c6e0_0, 0;
    %pushi/vec4 0, 0, 1;
    %assign/vec4 v0x5e5cdea39ae0_0, 0;
    %pushi/vec4 0, 0, 1;
    %assign/vec4 v0x5e5cdea3dfc0_0, 0;
    %pushi/vec4 0, 0, 1;
    %assign/vec4 v0x5e5cdea3e300_0, 0;
    %pushi/vec4 0, 0, 1;
    %assign/vec4 v0x5e5cdea39d10_0, 0;
    %pushi/vec4 0, 0, 1;
    %assign/vec4 v0x5e5cdea3cd50_0, 0;
    %pushi/vec4 0, 0, 1;
    %assign/vec4 v0x5e5cdea3d960_0, 0;
    %pushi/vec4 0, 0, 1;
    %assign/vec4 v0x5e5cdea3a7b0_0, 0;
    %pushi/vec4 0, 0, 1;
    %assign/vec4 v0x5e5cdea3bce0_0, 0;
    %pushi/vec4 0, 0, 1;
    %assign/vec4 v0x5e5cdea3ac30_0, 0;
    %pushi/vec4 0, 0, 1;
    %assign/vec4 v0x5e5cdea3da00_0, 0;
    %pushi/vec4 0, 0, 1;
    %assign/vec4 v0x5e5cdea3a880_0, 0;
    %pushi/vec4 0, 0, 1;
    %assign/vec4 v0x5e5cdea3bdb0_0, 0;
    %pushi/vec4 0, 0, 1;
    %assign/vec4 v0x5e5cdea3ad00_0, 0;
    %pushi/vec4 0, 0, 1;
    %assign/vec4 v0x5e5cdea3bb40_0, 0;
    %pushi/vec4 0, 0, 1;
    %assign/vec4 v0x5e5cdea3bc10_0, 0;
    %pushi/vec4 0, 0, 1;
    %assign/vec4 v0x5e5cdea3a950_0, 0;
    %pushi/vec4 0, 0, 1;
    %assign/vec4 v0x5e5cdea3aa20_0, 0;
    %pushi/vec4 0, 0, 4;
    %assign/vec4 v0x5e5cdea3c250_0, 0;
    %pushi/vec4 0, 0, 4;
    %assign/vec4 v0x5e5cdea3c320_0, 0;
    %pushi/vec4 0, 0, 4;
    %assign/vec4 v0x5e5cdea3b4c0_0, 0;
    %pushi/vec4 0, 0, 4;
    %assign/vec4 v0x5e5cdea3b590_0, 0;
    %pushi/vec4 0, 0, 4;
    %assign/vec4 v0x5e5cdea3bf50_0, 0;
    %pushi/vec4 0, 0, 4;
    %assign/vec4 v0x5e5cdea3aea0_0, 0;
    %pushi/vec4 0, 0, 4;
    %assign/vec4 v0x5e5cdea3c3f0_0, 0;
    %pushi/vec4 0, 0, 4;
    %assign/vec4 v0x5e5cdea3b660_0, 0;
    %pushi/vec4 0, 0, 32;
    %assign/vec4 v0x5e5cdea3dd30_0, 0;
    %pushi/vec4 0, 0, 32;
    %assign/vec4 v0x5e5cdea3de20_0, 0;
    %pushi/vec4 0, 0, 32;
    %assign/vec4 v0x5e5cdea3b320_0, 0;
    %pushi/vec4 0, 0, 32;
    %assign/vec4 v0x5e5cdea3b3f0_0, 0;
    %pushi/vec4 0, 0, 32;
    %assign/vec4 v0x5e5cdea3be80_0, 0;
    %pushi/vec4 0, 0, 32;
    %assign/vec4 v0x5e5cdea3add0_0, 0;
    %pushi/vec4 0, 0, 32;
    %assign/vec4 v0x5e5cdea3c620_0, 0;
    %pushi/vec4 0, 0, 32;
    %ix/load 3, 0, 0;
    %flag_set/imm 4, 0;
    %ix/load 4, 0, 0; Constant delay
    %assign/vec4/a/d v0x5e5cdea3eb40, 0, 4;
    %pushi/vec4 0, 0, 32;
    %ix/load 3, 1, 0;
    %flag_set/imm 4, 0;
    %ix/load 4, 0, 0; Constant delay
    %assign/vec4/a/d v0x5e5cdea3eb40, 0, 4;
    %pushi/vec4 0, 0, 32;
    %ix/load 3, 2, 0;
    %flag_set/imm 4, 0;
    %ix/load 4, 0, 0; Constant delay
    %assign/vec4/a/d v0x5e5cdea3eb40, 0, 4;
    %pushi/vec4 655360, 0, 32;
    %ix/load 3, 0, 0;
    %flag_set/imm 4, 0;
    %ix/load 4, 0, 0; Constant delay
    %assign/vec4/a/d v0x5e5cdea3e840, 0, 4;
    %pushi/vec4 327680, 0, 32;
    %ix/load 3, 1, 0;
    %flag_set/imm 4, 0;
    %ix/load 4, 0, 0; Constant delay
    %assign/vec4/a/d v0x5e5cdea3e840, 0, 4;
    %pushi/vec4 131072, 0, 32;
    %ix/load 3, 2, 0;
    %flag_set/imm 4, 0;
    %ix/load 4, 0, 0; Constant delay
    %assign/vec4/a/d v0x5e5cdea3e840, 0, 4;
    %pushi/vec4 32768, 0, 32;
    %ix/load 3, 3, 0;
    %flag_set/imm 4, 0;
    %ix/load 4, 0, 0; Constant delay
    %assign/vec4/a/d v0x5e5cdea3e840, 0, 4;
    %pushi/vec4 4294950912, 0, 32;
    %ix/load 3, 4, 0;
    %flag_set/imm 4, 0;
    %ix/load 4, 0, 0; Constant delay
    %assign/vec4/a/d v0x5e5cdea3e840, 0, 4;
    %pushi/vec4 8192, 0, 32;
    %ix/load 3, 5, 0;
    %flag_set/imm 4, 0;
    %ix/load 4, 0, 0; Constant delay
    %assign/vec4/a/d v0x5e5cdea3e840, 0, 4;
    %pushi/vec4 0, 0, 32;
    %store/vec4 v0x5e5cdea3a6d0_0, 0, 32;
T_16.2 ;
    %load/vec4 v0x5e5cdea3a6d0_0;
    %cmpi/s 6, 0, 32;
    %jmp/0xz T_16.3, 5;
    %pushi/vec4 0, 0, 32;
    %ix/getv/s 3, v0x5e5cdea3a6d0_0;
    %ix/load 4, 0, 0; Constant delay
    %assign/vec4/a/d v0x5e5cdea3e680, 0, 4;
    %pushi/vec4 0, 0, 32;
    %ix/getv/s 3, v0x5e5cdea3a6d0_0;
    %ix/load 4, 0, 0; Constant delay
    %assign/vec4/a/d v0x5e5cdea3ca00, 0, 4;
    %load/vec4 v0x5e5cdea3a6d0_0;
    %addi 1, 0, 32;
    %store/vec4 v0x5e5cdea3a6d0_0, 0, 32;
    %jmp T_16.2;
T_16.3 ;
    %pushi/vec4 0, 0, 32;
    %store/vec4 v0x5e5cdea3a6d0_0, 0, 32;
T_16.4 ;
    %load/vec4 v0x5e5cdea3a6d0_0;
    %cmpi/s 3, 0, 32;
    %jmp/0xz T_16.5, 5;
    %pushi/vec4 0, 0, 32;
    %ix/getv/s 3, v0x5e5cdea3a6d0_0;
    %ix/load 4, 0, 0; Constant delay
    %assign/vec4/a/d v0x5e5cdea3ea00, 0, 4;
    %load/vec4 v0x5e5cdea3a6d0_0;
    %addi 1, 0, 32;
    %store/vec4 v0x5e5cdea3a6d0_0, 0, 32;
    %jmp T_16.4;
T_16.5 ;
    %jmp T_16.1;
T_16.0 ;
    %pushi/vec4 0, 0, 1;
    %assign/vec4 v0x5e5cdea3e3a0_0, 0;
    %pushi/vec4 0, 0, 1;
    %assign/vec4 v0x5e5cdea39db0_0, 0;
    %pushi/vec4 0, 0, 1;
    %assign/vec4 v0x5e5cdea3d650_0, 0;
    %pushi/vec4 0, 0, 1;
    %assign/vec4 v0x5e5cdea3c6e0_0, 0;
    %pushi/vec4 0, 0, 1;
    %assign/vec4 v0x5e5cdea39ae0_0, 0;
    %pushi/vec4 0, 0, 1;
    %assign/vec4 v0x5e5cdea3dfc0_0, 0;
    %pushi/vec4 0, 0, 1;
    %assign/vec4 v0x5e5cdea3d960_0, 0;
    %pushi/vec4 0, 0, 1;
    %assign/vec4 v0x5e5cdea3a7b0_0, 0;
    %pushi/vec4 0, 0, 1;
    %assign/vec4 v0x5e5cdea3bce0_0, 0;
    %pushi/vec4 0, 0, 1;
    %assign/vec4 v0x5e5cdea3ac30_0, 0;
    %pushi/vec4 0, 0, 1;
    %assign/vec4 v0x5e5cdea3da00_0, 0;
    %pushi/vec4 0, 0, 1;
    %assign/vec4 v0x5e5cdea3a880_0, 0;
    %pushi/vec4 0, 0, 1;
    %assign/vec4 v0x5e5cdea3bdb0_0, 0;
    %pushi/vec4 0, 0, 1;
    %assign/vec4 v0x5e5cdea3ad00_0, 0;
    %pushi/vec4 0, 0, 1;
    %assign/vec4 v0x5e5cdea3bb40_0, 0;
    %pushi/vec4 0, 0, 1;
    %assign/vec4 v0x5e5cdea3bc10_0, 0;
    %pushi/vec4 0, 0, 1;
    %assign/vec4 v0x5e5cdea3a950_0, 0;
    %pushi/vec4 0, 0, 1;
    %assign/vec4 v0x5e5cdea3aa20_0, 0;
    %pushi/vec4 0, 0, 1;
    %assign/vec4 v0x5e5cdea39e80_0, 0;
    %load/vec4 v0x5e5cdea3d880_0;
    %assign/vec4 v0x5e5cdea3dad0_0, 0;
    %load/vec4 v0x5e5cdea3e230_0;
    %flag_set/vec4 8;
    %jmp/0xz  T_16.6, 8;
    %pushi/vec4 1, 0, 1;
    %assign/vec4 v0x5e5cdea3e300_0, 0;
T_16.6 ;
    %load/vec4 v0x5e5cdea39c70_0;
    %flag_set/vec4 8;
    %jmp/0xz  T_16.8, 8;
    %pushi/vec4 1, 0, 1;
    %assign/vec4 v0x5e5cdea39d10_0, 0;
T_16.8 ;
    %load/vec4 v0x5e5cdea3d880_0;
    %dup/vec4;
    %pushi/vec4 0, 0, 5;
    %cmp/u;
    %jmp/1 T_16.10, 6;
    %dup/vec4;
    %pushi/vec4 1, 0, 5;
    %cmp/u;
    %jmp/1 T_16.11, 6;
    %dup/vec4;
    %pushi/vec4 2, 0, 5;
    %cmp/u;
    %jmp/1 T_16.12, 6;
    %dup/vec4;
    %pushi/vec4 3, 0, 5;
    %cmp/u;
    %jmp/1 T_16.13, 6;
    %dup/vec4;
    %pushi/vec4 4, 0, 5;
    %cmp/u;
    %jmp/1 T_16.14, 6;
    %dup/vec4;
    %pushi/vec4 5, 0, 5;
    %cmp/u;
    %jmp/1 T_16.15, 6;
    %dup/vec4;
    %pushi/vec4 6, 0, 5;
    %cmp/u;
    %jmp/1 T_16.16, 6;
    %dup/vec4;
    %pushi/vec4 7, 0, 5;
    %cmp/u;
    %jmp/1 T_16.17, 6;
    %dup/vec4;
    %pushi/vec4 8, 0, 5;
    %cmp/u;
    %jmp/1 T_16.18, 6;
    %dup/vec4;
    %pushi/vec4 9, 0, 5;
    %cmp/u;
    %jmp/1 T_16.19, 6;
    %dup/vec4;
    %pushi/vec4 10, 0, 5;
    %cmp/u;
    %jmp/1 T_16.20, 6;
    %dup/vec4;
    %pushi/vec4 11, 0, 5;
    %cmp/u;
    %jmp/1 T_16.21, 6;
    %dup/vec4;
    %pushi/vec4 12, 0, 5;
    %cmp/u;
    %jmp/1 T_16.22, 6;
    %pushi/vec4 0, 0, 5;
    %assign/vec4 v0x5e5cdea3d880_0, 0;
    %jmp T_16.24;
T_16.10 ;
    %pushi/vec4 0, 0, 1;
    %assign/vec4 v0x5e5cdea39820_0, 0;
    %pushi/vec4 0, 0, 1;
    %assign/vec4 v0x5e5cdea3b9c0_0, 0;
    %pushi/vec4 0, 0, 1;
    %assign/vec4 v0x5e5cdea3ba80_0, 0;
    %pushi/vec4 0, 0, 8;
    %assign/vec4 v0x5e5cdea3c850_0, 0;
    %load/vec4 v0x5e5cdea3d7e0_0;
    %flag_set/vec4 8;
    %jmp/0xz  T_16.25, 8;
    %pushi/vec4 1, 0, 1;
    %assign/vec4 v0x5e5cdea39820_0, 0;
    %pushi/vec4 0, 0, 1;
    %assign/vec4 v0x5e5cdea3e300_0, 0;
    %pushi/vec4 0, 0, 1;
    %assign/vec4 v0x5e5cdea39d10_0, 0;
    %load/vec4 v0x5e5cdea3b720_0;
    %ix/load 3, 0, 0;
    %flag_set/imm 4, 0;
    %ix/load 4, 0, 0; Constant delay
    %assign/vec4/a/d v0x5e5cdea3eb40, 0, 4;
    %load/vec4 v0x5e5cdea3b800_0;
    %ix/load 3, 1, 0;
    %flag_set/imm 4, 0;
    %ix/load 4, 0, 0; Constant delay
    %assign/vec4/a/d v0x5e5cdea3eb40, 0, 4;
    %load/vec4 v0x5e5cdea3b8e0_0;
    %ix/load 3, 2, 0;
    %flag_set/imm 4, 0;
    %ix/load 4, 0, 0; Constant delay
    %assign/vec4/a/d v0x5e5cdea3eb40, 0, 4;
    %pushi/vec4 1, 0, 1;
    %assign/vec4 v0x5e5cdea3e3a0_0, 0;
    %pushi/vec4 1, 0, 1;
    %assign/vec4 v0x5e5cdea39db0_0, 0;
    %pushi/vec4 1, 0, 5;
    %assign/vec4 v0x5e5cdea3d880_0, 0;
T_16.25 ;
    %jmp T_16.24;
T_16.11 ;
    %load/vec4 v0x5e5cdea3e300_0;
    %flag_set/vec4 9;
    %flag_get/vec4 9;
    %jmp/0 T_16.29, 9;
    %load/vec4 v0x5e5cdea39d10_0;
    %and;
T_16.29;
    %flag_set/vec4 8;
    %jmp/0xz  T_16.27, 8;
    %pushi/vec4 1, 0, 1;
    %assign/vec4 v0x5e5cdea3b9c0_0, 0;
    %pushi/vec4 0, 0, 1;
    %assign/vec4 v0x5e5cdea3ba80_0, 0;
    %pushi/vec4 0, 0, 1;
    %assign/vec4 v0x5e5cdea3cd50_0, 0;
    %pushi/vec4 1, 0, 1;
    %assign/vec4 v0x5e5cdea3d960_0, 0;
    %pushi/vec4 0, 0, 4;
    %assign/vec4 v0x5e5cdea3c3f0_0, 0;
    %pushi/vec4 0, 0, 32;
    %store/vec4 v0x5e5cdea3a6d0_0, 0, 32;
T_16.30 ;
    %load/vec4 v0x5e5cdea3a6d0_0;
    %cmpi/s 6, 0, 32;
    %jmp/0xz T_16.31, 5;
    %ix/getv/s 4, v0x5e5cdea3a6d0_0;
    %load/vec4a v0x5e5cdea3e840, 4;
    %ix/getv/s 3, v0x5e5cdea3a6d0_0;
    %ix/load 4, 0, 0; Constant delay
    %assign/vec4/a/d v0x5e5cdea3ca00, 0, 4;
    %load/vec4 v0x5e5cdea3a6d0_0;
    %addi 1, 0, 32;
    %store/vec4 v0x5e5cdea3a6d0_0, 0, 32;
    %jmp T_16.30;
T_16.31 ;
    %pushi/vec4 1, 0, 1;
    %assign/vec4 v0x5e5cdea3d650_0, 0;
    %pushi/vec4 2, 0, 5;
    %assign/vec4 v0x5e5cdea3d880_0, 0;
T_16.27 ;
    %jmp T_16.24;
T_16.12 ;
    %load/vec4 v0x5e5cdea3a300_0;
    %flag_set/vec4 8;
    %jmp/0xz  T_16.32, 8;
    %load/vec4 v0x5e5cdea3a230_0;
    %assign/vec4 v0x5e5cdea3c850_0, 0;
    %load/vec4 v0x5e5cdea3a160_0;
    %flag_set/vec4 8;
    %jmp/0xz  T_16.34, 8;
    %load/vec4 v0x5e5cdea3e160_0;
    %assign/vec4 v0x5e5cdea3dd30_0, 0;
    %load/vec4 v0x5e5cdea3e160_0;
    %assign/vec4 v0x5e5cdea3de20_0, 0;
    %pushi/vec4 1, 0, 1;
    %assign/vec4 v0x5e5cdea3bb40_0, 0;
    %load/vec4 v0x5e5cdea3c3f0_0;
    %assign/vec4 v0x5e5cdea3c250_0, 0;
    %load/vec4 v0x5e5cdea3c3f0_0;
    %addi 1, 0, 4;
    %assign/vec4 v0x5e5cdea3c3f0_0, 0;
    %jmp T_16.35;
T_16.34 ;
    %load/vec4 v0x5e5cdea3e470_0;
    %assign/vec4 v0x5e5cdea3dd30_0, 0;
    %load/vec4 v0x5e5cdea3e470_0;
    %assign/vec4 v0x5e5cdea3de20_0, 0;
    %pushi/vec4 1, 0, 1;
    %assign/vec4 v0x5e5cdea3bb40_0, 0;
    %pushi/vec4 1, 0, 1;
    %assign/vec4 v0x5e5cdea3bc10_0, 0;
    %load/vec4 v0x5e5cdea3c3f0_0;
    %assign/vec4 v0x5e5cdea3c250_0, 0;
    %load/vec4 v0x5e5cdea3c3f0_0;
    %addi 1, 0, 4;
    %assign/vec4 v0x5e5cdea3c320_0, 0;
    %load/vec4 v0x5e5cdea3c3f0_0;
    %addi 2, 0, 4;
    %assign/vec4 v0x5e5cdea3c3f0_0, 0;
T_16.35 ;
    %pushi/vec4 1, 0, 1;
    %assign/vec4 v0x5e5cdea3da00_0, 0;
T_16.32 ;
    %load/vec4 v0x5e5cdea3a300_0;
    %flag_set/vec4 9;
    %flag_get/vec4 9;
    %jmp/0 T_16.38, 9;
    %load/vec4 v0x5e5cdea3a230_0;
    %pushi/vec4 6, 0, 8;
    %cmp/e;
    %flag_get/vec4 4;
    %and;
T_16.38;
    %flag_set/vec4 8;
    %jmp/0xz  T_16.36, 8;
    %pushi/vec4 3, 0, 5;
    %assign/vec4 v0x5e5cdea3d880_0, 0;
T_16.36 ;
    %jmp T_16.24;
T_16.13 ;
    %pushi/vec4 0, 0, 32;
    %store/vec4 v0x5e5cdea3a6d0_0, 0, 32;
T_16.39 ;
    %load/vec4 v0x5e5cdea3a6d0_0;
    %cmpi/s 6, 0, 32;
    %jmp/0xz T_16.40, 5;
    %ix/getv/s 4, v0x5e5cdea3a6d0_0;
    %load/vec4a v0x5e5cdea3db70, 4;
    %ix/getv/s 3, v0x5e5cdea3a6d0_0;
    %ix/load 4, 0, 0; Constant delay
    %assign/vec4/a/d v0x5e5cdea3e680, 0, 4;
    %load/vec4 v0x5e5cdea3a6d0_0;
    %addi 1, 0, 32;
    %store/vec4 v0x5e5cdea3a6d0_0, 0, 32;
    %jmp T_16.39;
T_16.40 ;
    %pushi/vec4 1, 0, 1;
    %assign/vec4 v0x5e5cdea3bce0_0, 0;
    %pushi/vec4 0, 0, 4;
    %assign/vec4 v0x5e5cdea3bf50_0, 0;
    %pushi/vec4 4, 0, 5;
    %assign/vec4 v0x5e5cdea3d880_0, 0;
    %jmp T_16.24;
T_16.14 ;
    %pushi/vec4 1, 0, 1;
    %assign/vec4 v0x5e5cdea3bdb0_0, 0;
    %load/vec4 v0x5e5cdea3bf50_0;
    %cmpi/e 0, 0, 4;
    %jmp/0xz  T_16.41, 4;
    %load/vec4 v0x5e5cdea3e090_0;
    %assign/vec4 v0x5e5cdea3be80_0, 0;
    %jmp T_16.42;
T_16.41 ;
    %load/vec4 v0x5e5cdea3e470_0;
    %assign/vec4 v0x5e5cdea3be80_0, 0;
T_16.42 ;
    %load/vec4 v0x5e5cdea3bf50_0;
    %pad/u 65;
    %cmpi/e 12, 0, 65;
    %jmp/0xz  T_16.43, 4;
    %load/vec4 v0x5e5cdea3c160_0;
    %assign/vec4 v0x5e5cdea3c620_0, 0;
    %pushi/vec4 1, 0, 1;
    %assign/vec4 v0x5e5cdea3c6e0_0, 0;
    %pushi/vec4 5, 0, 5;
    %assign/vec4 v0x5e5cdea3d880_0, 0;
    %jmp T_16.44;
T_16.43 ;
    %load/vec4 v0x5e5cdea3bf50_0;
    %addi 1, 0, 4;
    %assign/vec4 v0x5e5cdea3bf50_0, 0;
T_16.44 ;
    %jmp T_16.24;
T_16.15 ;
    %load/vec4 v0x5e5cdea3c4b0_0;
    %flag_set/vec4 8;
    %jmp/0xz  T_16.45, 8;
    %pushi/vec4 0, 0, 1;
    %assign/vec4 v0x5e5cdea3b9c0_0, 0;
    %pushi/vec4 1, 0, 1;
    %assign/vec4 v0x5e5cdea3ba80_0, 0;
    %pushi/vec4 1, 0, 1;
    %assign/vec4 v0x5e5cdea3cd50_0, 0;
    %pushi/vec4 1, 0, 1;
    %assign/vec4 v0x5e5cdea3a7b0_0, 0;
    %pushi/vec4 0, 0, 4;
    %assign/vec4 v0x5e5cdea3b660_0, 0;
    %pushi/vec4 0, 0, 32;
    %store/vec4 v0x5e5cdea3a6d0_0, 0, 32;
T_16.47 ;
    %load/vec4 v0x5e5cdea3a6d0_0;
    %cmpi/s 6, 0, 32;
    %jmp/0xz T_16.48, 5;
    %ix/getv/s 4, v0x5e5cdea3a6d0_0;
    %load/vec4a v0x5e5cdea3e680, 4;
    %ix/getv/s 3, v0x5e5cdea3a6d0_0;
    %ix/load 4, 0, 0; Constant delay
    %assign/vec4/a/d v0x5e5cdea3ca00, 0, 4;
    %load/vec4 v0x5e5cdea3a6d0_0;
    %addi 1, 0, 32;
    %store/vec4 v0x5e5cdea3a6d0_0, 0, 32;
    %jmp T_16.47;
T_16.48 ;
    %pushi/vec4 1, 0, 1;
    %assign/vec4 v0x5e5cdea3d650_0, 0;
    %pushi/vec4 6, 0, 5;
    %assign/vec4 v0x5e5cdea3d880_0, 0;
T_16.45 ;
    %jmp T_16.24;
T_16.16 ;
    %load/vec4 v0x5e5cdea3a300_0;
    %flag_set/vec4 8;
    %jmp/0xz  T_16.49, 8;
    %load/vec4 v0x5e5cdea3a230_0;
    %assign/vec4 v0x5e5cdea3c850_0, 0;
    %load/vec4 v0x5e5cdea3a160_0;
    %flag_set/vec4 8;
    %jmp/0xz  T_16.51, 8;
    %load/vec4 v0x5e5cdea3e160_0;
    %assign/vec4 v0x5e5cdea3b320_0, 0;
    %load/vec4 v0x5e5cdea3e160_0;
    %assign/vec4 v0x5e5cdea3b3f0_0, 0;
    %pushi/vec4 1, 0, 1;
    %assign/vec4 v0x5e5cdea3a950_0, 0;
    %load/vec4 v0x5e5cdea3b660_0;
    %assign/vec4 v0x5e5cdea3b4c0_0, 0;
    %load/vec4 v0x5e5cdea3b660_0;
    %addi 1, 0, 4;
    %assign/vec4 v0x5e5cdea3b660_0, 0;
    %jmp T_16.52;
T_16.51 ;
    %load/vec4 v0x5e5cdea3e470_0;
    %assign/vec4 v0x5e5cdea3b320_0, 0;
    %load/vec4 v0x5e5cdea3e470_0;
    %assign/vec4 v0x5e5cdea3b3f0_0, 0;
    %pushi/vec4 1, 0, 1;
    %assign/vec4 v0x5e5cdea3a950_0, 0;
    %pushi/vec4 1, 0, 1;
    %assign/vec4 v0x5e5cdea3aa20_0, 0;
    %load/vec4 v0x5e5cdea3b660_0;
    %assign/vec4 v0x5e5cdea3b4c0_0, 0;
    %load/vec4 v0x5e5cdea3b660_0;
    %addi 1, 0, 4;
    %assign/vec4 v0x5e5cdea3b590_0, 0;
    %load/vec4 v0x5e5cdea3b660_0;
    %addi 2, 0, 4;
    %assign/vec4 v0x5e5cdea3b660_0, 0;
T_16.52 ;
    %pushi/vec4 1, 0, 1;
    %assign/vec4 v0x5e5cdea3a880_0, 0;
T_16.49 ;
    %load/vec4 v0x5e5cdea3a300_0;
    %flag_set/vec4 9;
    %flag_get/vec4 9;
    %jmp/0 T_16.55, 9;
    %load/vec4 v0x5e5cdea3a230_0;
    %pushi/vec4 6, 0, 8;
    %cmp/e;
    %flag_get/vec4 4;
    %and;
T_16.55;
    %flag_set/vec4 8;
    %jmp/0xz  T_16.53, 8;
    %pushi/vec4 7, 0, 5;
    %assign/vec4 v0x5e5cdea3d880_0, 0;
T_16.53 ;
    %jmp T_16.24;
T_16.17 ;
    %pushi/vec4 0, 0, 32;
    %store/vec4 v0x5e5cdea3a6d0_0, 0, 32;
T_16.56 ;
    %load/vec4 v0x5e5cdea3a6d0_0;
    %cmpi/s 3, 0, 32;
    %jmp/0xz T_16.57, 5;
    %ix/getv/s 4, v0x5e5cdea3a6d0_0;
    %load/vec4a v0x5e5cdea3aaf0, 4;
    %ix/getv/s 3, v0x5e5cdea3a6d0_0;
    %ix/load 4, 0, 0; Constant delay
    %assign/vec4/a/d v0x5e5cdea3ea00, 0, 4;
    %load/vec4 v0x5e5cdea3a6d0_0;
    %addi 1, 0, 32;
    %store/vec4 v0x5e5cdea3a6d0_0, 0, 32;
    %jmp T_16.56;
T_16.57 ;
    %pushi/vec4 1, 0, 1;
    %assign/vec4 v0x5e5cdea3ac30_0, 0;
    %pushi/vec4 0, 0, 4;
    %assign/vec4 v0x5e5cdea3aea0_0, 0;
    %pushi/vec4 8, 0, 5;
    %assign/vec4 v0x5e5cdea3d880_0, 0;
    %jmp T_16.24;
T_16.18 ;
    %pushi/vec4 1, 0, 1;
    %assign/vec4 v0x5e5cdea3ad00_0, 0;
    %load/vec4 v0x5e5cdea3aea0_0;
    %cmpi/e 0, 0, 4;
    %jmp/0xz  T_16.58, 4;
    %load/vec4 v0x5e5cdea3e090_0;
    %assign/vec4 v0x5e5cdea3add0_0, 0;
    %jmp T_16.59;
T_16.58 ;
    %load/vec4 v0x5e5cdea3e470_0;
    %assign/vec4 v0x5e5cdea3add0_0, 0;
T_16.59 ;
    %load/vec4 v0x5e5cdea3aea0_0;
    %pad/u 65;
    %cmpi/e 12, 0, 65;
    %jmp/0xz  T_16.60, 4;
    %load/vec4 v0x5e5cdea3b230_0;
    %assign/vec4 v0x5e5cdea3c620_0, 0;
    %pushi/vec4 1, 0, 1;
    %assign/vec4 v0x5e5cdea3c6e0_0, 0;
    %pushi/vec4 9, 0, 5;
    %assign/vec4 v0x5e5cdea3d880_0, 0;
    %jmp T_16.61;
T_16.60 ;
    %load/vec4 v0x5e5cdea3aea0_0;
    %addi 1, 0, 4;
    %assign/vec4 v0x5e5cdea3aea0_0, 0;
T_16.61 ;
    %jmp T_16.24;
T_16.19 ;
    %load/vec4 v0x5e5cdea3c4b0_0;
    %flag_set/vec4 8;
    %jmp/0xz  T_16.62, 8;
    %pushi/vec4 1, 0, 1;
    %assign/vec4 v0x5e5cdea39ae0_0, 0;
    %pushi/vec4 10, 0, 5;
    %assign/vec4 v0x5e5cdea3d880_0, 0;
T_16.62 ;
    %jmp T_16.24;
T_16.20 ;
    %load/vec4 v0x5e5cdea39900_0;
    %flag_set/vec4 8;
    %jmp/0xz  T_16.64, 8;
    %pushi/vec4 1, 0, 1;
    %assign/vec4 v0x5e5cdea3dfc0_0, 0;
    %pushi/vec4 11, 0, 5;
    %assign/vec4 v0x5e5cdea3d880_0, 0;
T_16.64 ;
    %jmp T_16.24;
T_16.21 ;
    %load/vec4 v0x5e5cdea3def0_0;
    %flag_set/vec4 8;
    %jmp/0xz  T_16.66, 8;
    %pushi/vec4 0, 0, 32;
    %store/vec4 v0x5e5cdea3a6d0_0, 0, 32;
T_16.68 ;
    %load/vec4 v0x5e5cdea3a6d0_0;
    %cmpi/s 6, 0, 32;
    %jmp/0xz T_16.69, 5;
    %ix/getv/s 4, v0x5e5cdea3a6d0_0;
    %load/vec4a v0x5e5cdea3e540, 4;
    %ix/getv/s 3, v0x5e5cdea3a6d0_0;
    %ix/load 4, 0, 0; Constant delay
    %assign/vec4/a/d v0x5e5cdea3e840, 0, 4;
    %load/vec4 v0x5e5cdea3a6d0_0;
    %addi 1, 0, 32;
    %store/vec4 v0x5e5cdea3a6d0_0, 0, 32;
    %jmp T_16.68;
T_16.69 ;
    %ix/load 4, 0, 0;
    %flag_set/imm 4, 0;
    %load/vec4a v0x5e5cdea3e540, 4;
    %assign/vec4 v0x5e5cdea39f20_0, 0;
    %ix/load 4, 1, 0;
    %flag_set/imm 4, 0;
    %load/vec4a v0x5e5cdea3e540, 4;
    %assign/vec4 v0x5e5cdea39fc0_0, 0;
    %ix/load 4, 2, 0;
    %flag_set/imm 4, 0;
    %load/vec4a v0x5e5cdea3e540, 4;
    %assign/vec4 v0x5e5cdea3a080_0, 0;
    %pushi/vec4 12, 0, 5;
    %assign/vec4 v0x5e5cdea3d880_0, 0;
T_16.66 ;
    %jmp T_16.24;
T_16.22 ;
    %pushi/vec4 0, 0, 1;
    %assign/vec4 v0x5e5cdea39820_0, 0;
    %pushi/vec4 1, 0, 1;
    %assign/vec4 v0x5e5cdea39e80_0, 0;
    %load/vec4 v0x5e5cdea3d7e0_0;
    %nor/r;
    %flag_set/vec4 8;
    %jmp/0xz  T_16.70, 8;
    %pushi/vec4 0, 0, 1;
    %assign/vec4 v0x5e5cdea3ba80_0, 0;
    %pushi/vec4 0, 0, 5;
    %assign/vec4 v0x5e5cdea3d880_0, 0;
T_16.70 ;
    %jmp T_16.24;
T_16.24 ;
    %pop/vec4 1;
T_16.1 ;
    %jmp T_16;
    .thread T_16;
    .scope S_0x5e5cde9d02c0;
T_17 ;
    %pushi/vec4 0, 0, 1;
    %store/vec4 v0x5e5cdea3ef50_0, 0, 1;
T_17.0 ;
    %delay 5000, 0;
    %load/vec4 v0x5e5cdea3ef50_0;
    %inv;
    %store/vec4 v0x5e5cdea3ef50_0, 0, 1;
    %jmp T_17.0;
    %end;
    .thread T_17;
    .scope S_0x5e5cde9d02c0;
T_18 ;
    %vpi_call/w 3 50 "$dumpfile", "ukf.vcd" {0 0 0};
    %vpi_call/w 3 51 "$dumpvars", 32'sb00000000000000000000000000000000, S_0x5e5cde9d02c0 {0 0 0};
    %pushi/vec4 0, 0, 1;
    %store/vec4 v0x5e5cdea3f990_0, 0, 1;
    %pushi/vec4 0, 0, 1;
    %store/vec4 v0x5e5cdea3fb00_0, 0, 1;
    %pushi/vec4 786432, 0, 32;
    %store/vec4 v0x5e5cdea3f560_0, 0, 32;
    %pushi/vec4 4294770688, 0, 32;
    %store/vec4 v0x5e5cdea3f650_0, 0, 32;
    %pushi/vec4 327680, 0, 32;
    %store/vec4 v0x5e5cdea3f720_0, 0, 32;
    %delay 20000, 0;
    %pushi/vec4 1, 0, 1;
    %store/vec4 v0x5e5cdea3f990_0, 0, 1;
    %delay 20000, 0;
    %pushi/vec4 1, 0, 1;
    %store/vec4 v0x5e5cdea3fb00_0, 0, 1;
T_18.0 ;
    %load/vec4 v0x5e5cdea3eff0_0;
    %pushi/vec4 1, 0, 1;
    %cmp/e;
    %flag_get/vec4 4;
    %cmpi/ne 1, 0, 1;
    %jmp/0xz T_18.1, 6;
    %wait E_0x5e5cde99f720;
    %jmp T_18.0;
T_18.1 ;
    %delay 20000, 0;
    %pushi/vec4 0, 0, 1;
    %store/vec4 v0x5e5cdea3fb00_0, 0, 1;
    %delay 50000, 0;
    %vpi_call/w 3 70 "$finish" {0 0 0};
    %end;
    .thread T_18;
    .scope S_0x5e5cde9d02c0;
T_19 ;
    %vpi_call/w 3 74 "$display", "Starting SR-UKF accelerator architectural simulation" {0 0 0};
    %end;
    .thread T_19;
    .scope S_0x5e5cde9d02c0;
T_20 ;
    %wait E_0x5e5cde9a0650;
    %vpi_func/r 3 78 "$itor", v0x5e5cdea3f0f0_0 {0 0 0};
    %pushi/vec4 65536, 0, 32;
    %cvt/rv/s;
    %div/wr;
    %store/real v0x5e5cdea3f1c0_0;
    %vpi_func/r 3 79 "$itor", v0x5e5cdea3f2b0_0 {0 0 0};
    %pushi/vec4 65536, 0, 32;
    %cvt/rv/s;
    %div/wr;
    %store/real v0x5e5cdea3f350_0;
    %vpi_func/r 3 80 "$itor", v0x5e5cdea3f3f0_0 {0 0 0};
    %pushi/vec4 65536, 0, 32;
    %cvt/rv/s;
    %div/wr;
    %store/real v0x5e5cdea3f4c0_0;
    %jmp T_20;
    .thread T_20, $push;
    .scope S_0x5e5cde9d02c0;
T_21 ;
    %wait E_0x5e5cdea23780;
    %vpi_call/w 3 84 "$display", "t=%0t busy=%b done=%b state=%0d sigma=%0d pred=%b upd=%b est=(%0f,%0f,%0f)", $time, v0x5e5cdea3ee60_0, v0x5e5cdea3eff0_0, v0x5e5cdea3fbd0_0, v0x5e5cdea3fa30_0, v0x5e5cdea3f7f0_0, v0x5e5cdea3f8c0_0, v0x5e5cdea3f1c0_0, v0x5e5cdea3f350_0, v0x5e5cdea3f4c0_0 {0 0 0};
    %jmp T_21;
    .thread T_21;
# The file index is used to find the file name in the following table.
:file_names 5;
    "N/A";
    "<interactive>";
    "-";
    "/workspaces/UKF-target-tracking-accelarator/UKFaccelarator/verilog/tb_ukf.v";
    "/workspaces/UKF-target-tracking-accelarator/UKFaccelarator/verilog/ukf.v";
